季節,セル位置,名称,分類,説明文,うんちく1,うんちく2,うんちく3,緯度,経度,うんちく写真1,うんちく写真2,うんちく写真3
1_春,A1,スタート,コマ,スタートポイントです。,2026/09/29 22:40 作成,2026/09/29 22:40 作成,2026/09/29 22:40 作成,34.73774786,135.3414305,,,
1_春,A2,森具公園,公園,かつて森具村があった歴史を伝える名前で、地元住民の憩いの場として親しまれる公園。春には桜が咲き誇り、遊具や広場もあるため子供連れの家族でにぎわう身近な自然スポットです。,森具公園の「森具(もりぐ)」は、夙村(しゅくむら)から守具村(しゅくむら→もりぐむら)を経て生まれた地名で、夙川と深い歴史的つながりを持つ。,森具公園東側のお地蔵様は、阪神・淡路大震災からの復興の過程で再建された地蔵堂。公園とともに地域再生の歴史を静かに見守っている。,森具公園は震災復興の中で生まれた“備える公園”。地下貯水タンクや手押しポンプが、防災への工夫を今に伝えている。,34.73575981,135.3257887,守具橋梁,森具公園,森具公園
1_春,A3,片鉾池,自然,阪急夙川駅の南側、夙川公園内にある直径100m弱の美しい池。明治時代に開園した「香櫨園遊園地」の跡地であり、池のほとりには松下幸之助氏が寄贈した夙川公民館（松下記念ホール）が建つ。,池には関西初のウォーターシュートが設置され、当時最先端のレジャースポットとして賑わった。,片鉾池の近くにあった香櫨園遊園地では、1910年に日本初の日米野球とされる早大対シカゴ大戦が開催された。この熱狂は阪神電鉄に野球の可能性を認識させ、後の鳴尾運動場、そして甲子園球場誕生へとつながっていった。,片鉾池の近くにあった香櫨園遊園地では、1910年に日本初の日米野球とされる早大対シカゴ大戦が開催された。この熱狂は阪神電鉄に野球の可能性を認識させ、後の鳴尾運動場、そして甲子園球場誕生へとつながっていった。,34.74015756,135.3277538,ウォーターシュート 片鉾池,香櫨園遊園地,香櫨園遊園地
1_春,A4,新池,自然,西宮市立西宮高校の隣に位置する周囲約600mの農業用ため池。水鳥が集まるバードウォッチングの穴場であり、アニメ『涼宮ハルヒの憂鬱』に登場する「みくる池」のモデルとしてもファンに有名。,江戸時代から続くかんがい用ため池で現在も地域の水辺環境を守っている。,新池では季節ごとに異なる野鳥や水生生物が見られ、地域の自然観察スポットとして親しまれています。特に冬場は渡り鳥が羽を休めることもあり、静かな水面とともに豊かな自然環境を感じられます。,アニメファンにとっては「みくる池」として知られ、聖地巡礼で訪れる人も多い。,34.75357544,135.3435429,新池,新池,ハルヒ みくる池
1_春,A5,満池谷《まんちだに》（ニテコ池周辺）,自然,ニテコ池は満池谷《まんちだに》にある三つの池の総称。西宮神社の大練塀築造のために採土した跡地が池になったと伝わり、万葉ゆかりの名次山《なつぎやま》や『火垂るの墓』の舞台としても知られる。,小説『火垂るの墓』で清太と節子が横穴で暮らした「ニテコ池」の舞台そのもの。,ニテコ池は自然の池ではなく、西宮神社の重要文化財「大練塀」を造るために土を掘った跡地と伝わる。池の名も、人足たちの「ネッテコイ（練って来い）」という掛け声に由来するとされる。,満池谷墓地は単なる市営墓地ではない。六湛寺墓地、今津墓地、津門東墓地などを集約してできた“西宮の歴史人物が集まる墓地”であり、市役所の建つ六湛寺町はもともと墓地だった。,34.75131129,135.3336049,満池谷（ニテコ池周辺）,大練塀,満池谷墓地
1_春,A6,上ヶ原用水路の分水樋（ぶんすいひ）,史跡,関西学院大学の裏手にある、江戸時代初期に作られた上ヶ原用水路の水を分配するための施設です。仁川上流の社家郷山から大井滝を経て引かれた水が、ここで上ヶ原、門戸、神呪（かんの）の3地区へと分けられていました。水が命より大切だった時代に、水争いを防ぐための工夫として設けられた歴史的な遺構です。,分水樋の最大の特徴は、各地区へ水を流す「開口部の大きさ」がそれぞれ異なっている点です。かつて水の確保を巡って様々な問題が起きたため、3地区の話し合いによって厳密に配分量が決められ、それに基づく大きさの穴が設けられました。,この用水路は、江戸時代に新しく開墾された「上ヶ原新田」を潤すために非常に重要な役割を果たしました。現在は民家の横を静かに流れていますが、ここから関西学院大学や地滑り資料館へと続く道は、水路の歴史を感じる散策コースになっています。,上ヶ原用水路を辿ると、阪急西宮北口駅からバスで向かう関西学院前のバス停からほど近い場所にこの分水樋を見つけることができます。周辺には西宮市内で最も古い鳥居を持つ上ヶ原八幡神社もあり、水と人々の信仰の結びつきを感じさせます。,34.77060801,135.3455707,上ヶ原用水路 開口部,上ヶ原用水路の分水樋（ぶんすいひ）,上ヶ原用水路の分水樋（ぶんすいひ）
1_春,A7,東川親水南公園,公園,市内を流れる東川沿いに整備された親水公園です。川と触れ合えるように階段や飛び石などが配置されており、都市部でありながら水遊びや散策など水と緑を感じられる憩いの空間です。,公園名の「親水」とは、人が水に親しめるよう設計された空間を意味します。東川親水南公園もその考え方を取り入れており、治水機能だけでなく、水辺を楽しむ都市づくりの象徴的な存在として親しまれています。,東川親水南公園は、西宮市を流れる東川の水辺環境を生かして整備された公園です。川との距離が近く、都市部にありながらせせらぎや水辺の景観を身近に感じられる、地域住民の憩いの空間となっています。,東川はかつて農業や生活を支える重要な水路でした。東川親水南公園は、その歴史ある川を地域資源として再評価する取り組みの一環であり、散策しながら西宮の水辺文化の変遷を感じられるスポットです。,34.7404006,135.346342,東川親水南公園,東川親水南公園,東川親水南公園
1_春,B1,甲山,自然,西宮市のシンボルとして親しまれる標高309メートルの釣鐘型の山。神功皇后が国家平安を祈願して兜を埋めた伝説が名前の由来とされ、ハイキングコースからは市内を一望できます。,火山ではなく約1200万年前の溶岩（安山岩）が侵食に耐えて残った「火山岩頸」という珍しい地形。,山頂の遺跡から縄文・弥生時代の祭事様の銅戈(鉾(ほこ))が出土している。,山頂からは西宮市街や大阪平野・大阪湾が一望できると思われているが、木々が生い茂り見ることができない。,34.77518787,135.3296075,甲山,甲山,甲山
1_春,B2,桜翁稲荷大明神,寺神社,今津の住宅街にひっそりと佇む小さなお稲荷さん。狐が化けたお爺さんにまつわる西宮のふるさと民話「今津の桜翁」の舞台として知られ、『まんが日本昔ばなし』でも酒造りの町のお話として紹介された。,ここは『今津の桜翁』の伝説が残る稲荷社です。囲碁好きで酒好きだった上品なお爺さんの正体は実は狐。亡くなった後、その徳を慕う人々によって祀られたと伝わっています。,多くの稲荷神社は稲荷神を祀り、狐は使い（眷属）ですが、この神社は、狐が神様になった神社,今津駅から徒歩数分なのに知名度が低い,34.73099959,135.3528188,桜翁稲荷大明神,桜翁稲荷大明神,桜翁稲荷大明神
1_春,B3,雲井児童遊園(夙川舞桜),公園,阪急夙川駅の北西にある小さな公園。西宮市オリジナルの桜品種「夙川舞桜」の原木があり、咲き始めは淡いピンク色、満開時は白色に変化する珍しい桜を楽しむことができます。,西宮市で発見・命名されたオリジナル品種の桜「夙川舞桜（しゅくがわまいざくら）」が見られる希少な公園。,夙川舞桜は半八重～八重咲きで色は淡紅色から白色へ変化する独特の美しさを持つ。,夙川の桜並木から少し入った隠れた名所で静かに桜を鑑賞できる穴場。,34.74312389,135.3239447,雲井児童遊園(夙川舞桜),雲井児童遊園(夙川舞桜),雲井児童遊園(夙川舞桜)
1_春,B4,さくらやまなみバス,交通,西宮市の南部市街地と北部の山口・船坂地域を乗り換えなしで結ぶ路線バス。六甲山系の美しい自然の中を走り、市民の生活や観光の足として活躍しています。,西宮の南北を直結する唯一の公共交通機関で、車窓からの六甲山の景色が美しい。,さくらやまなみバスは阪急バスが運行していますが、西宮市の南北を結ぶ路線として専用デザインの車両が使用されています。,北部の有馬温泉周辺やハイキングコースへのアクセスにも非常に便利で観光客も利用する。,34.76060205,135.3203316,さくらやまなみバス,さくらやまなみバス,さくらやまなみバス
1_春,B5,回生病院,施設,香櫨園の海辺近くにある歴史ある病院。小説『火垂るの墓』に登場する病院のモデルとしても知られ、かつては洋館のサナトリウムとして患者が訪れました。,小説・アニメ映画『火垂るの墓』で主人公の母親が入院した病院として描かれている。,かつてはヴォーリズ建築の洋風病棟があり夙川のモダニズム文化を象徴する建物だった。2015年に惜しまれつつ解体されました。,病院周辺の夙川沿いは昭和初期の阪神間モダニズムの雰囲気を今に伝える散策路。,34.72585167,135.3282727,回生病院,回生病院,回生病院
1_春,B6,ららぽーと甲子園,商業施設,阪神パークの跡地に2004年に開業した、三井不動産が運営する大型ショッピングモール。約150の専門店やイトーヨーカドーが入り、子どもが職業体験できる「キッザニア甲子園」も併設されている。,ららぽーと甲子園が建つ場所は、かつて阪神パーク甲子園住宅遊園地があったエリアの一部です。阪神電鉄グループゆかりの土地として発展してきた歴史があり、地域の娯楽と商業の拠点として時代ごとに姿を変えてきました。,関西初の職業体験テーマパーク「キッザニア甲子園」が敷地内にある。,ららぽーと甲子園は阪神甲子園球場からほど近く、野球観戦前後に立ち寄る人も多い大型商業施設です。試合開催日にはユニフォーム姿のファンでにぎわい、甲子園ならではの活気を感じられるスポットとなっています。,34.71842153,135.3643646,ららぽーと甲子園,ららぽーと甲子園,ららぽーと甲子園
1_春,B7,塩瀬中央公園,公園,西宮市北部の名塩地区にある広大な総合公園。テニスコートなどのスポーツ施設のほか、ローラー滑り台などの大型遊具があり、自然豊かな環境の中で体を動かして楽しむことができます。,全長約80mにも及ぶロングローラーすべり台があり子どもたちに大人気。,山の斜面を活かした立体的な公園でテニスコートやグラウンド・体育館も完備。,展望台からは塩瀬地区の街並みや豊かな山々が一望できる絶景スポット。,34.83193608,135.3070283,塩瀬中央公園,塩瀬中央公園,塩瀬中央公園
1_春,C1,北山池,自然,北山緑化植物園の近くにある緑豊かなため池。周囲には遊歩道が整備されており、野鳥のさえずりを聞きながら四季折々の自然の移ろいを感じられるリフレッシュスポットです。,北山池は、西宮市北山町周辺に残るため池の一つで、農業用水を確保するために造られました。都市化が進んだ現在でも水辺空間として残されており、西宮に息づく里山文化と治水の歴史を今に伝えています。,北山池周辺は六甲山系の自然に囲まれ、四季折々の風景が楽しめます。春の新緑や秋の紅葉が水面に映り込む景観は美しく、住宅地の近くにありながら静かな自然環境を感じられる隠れたスポットです。,ため池は単なる貯水施設ではなく、生きものの貴重な生息地でもあります。北山池でも昆虫や野鳥、水生生物が見られ、地域の生態系を支える存在として重要な役割を果たしているとされています。,34.7641896,135.3216612,北山池,北山池,北山池
1_春,C2,大東公園(今津紅寒桜),公園,今津エリアにある公園で、早咲きの「今津紅寒桜」が見られることで有名です。2月下旬から3月上旬にかけて濃いピンク色の可憐な花を咲かせ、一足早い春の訪れを告げてくれます。,2月下旬～3月上旬という早い時期に濃いピンク色の花を咲かせる「今津紅寒桜」がある。,大東公園には「今津紅寒桜」と呼ばれる早咲きの桜が植えられています。一般的なソメイヨシノよりも早く開花し、濃い紅色の花を咲かせるのが特徴で、西宮に春の訪れを告げる桜として親しまれています。,大東公園は住宅街の中にありながら、春には桜の名所としての一面も見せます。子どもの遊び場として利用される一方で、今津紅寒桜を目当てに訪れる人も多く、地域の日常と季節の風景が調和する憩いの空間です。,34.72508929,135.3545816,大東公園(今津紅寒桜),大東公園(今津紅寒桜),大東公園(今津紅寒桜)
1_春,C3,甲山自然学習館,施設,甲山森林公園内にある自然学習施設。甲山周辺の動植物や昆虫、地質に関する展示があり、周辺の自然環境について楽しく学べる環境学習の場やハイキングの拠点として活用されています。,近くには、甲山湿地という、甲山の麓に広がる県下でも珍しい湿原があります。サギソウやモウセンゴケなどの貴重な植物が自生し兵庫県の天然記念物に指定されています。整備された木道を歩きながら特異な生態系を観察できます。日本最小のトンボ「ハッチョウトンボ（体長約2cm）」が生息する貴重な自然保護区。,近くには、標高309mの甲山山麓に広がる、豊かな緑と清々しい空気に包まれた市営キャンプ場がある。炊事場などが整備され、市街地から近くアクセス良好ながら本格的なアウトドア体験が可能です。,甲山自然学習館の周辺は森林や湿地、ため池など多様な環境が集まるエリアです。そのため四季を通じてさまざまな生きものが観察でき、都市近郊にありながら本格的な自然観察を楽しめる貴重な場所となっています。,34.77671121,135.3331964,甲山自然学習館,甲山自然学習館,甲山自然学習館
1_春,C4,甲子園歴史館,博物館,阪神甲子園球場に併設された博物館。高校野球の感動の歴史や、阪神タイガースの栄光の軌跡、球場自体の成り立ちについて貴重な展示品で紹介する、野球ファン必見の聖地巡礼スポットです。,高校野球の優勝名シーンや名選手のバット・グラブ・タイガースの永久欠番展示などがずらり。,バックスクリーン裏の「バックスクリーンビュー」から球場内を一望できる激レア体験ができる。,ドラフト指名体験ができるAR写真コーナーや球場体験VRなど体感型コンテンツも充実。,34.72007332,135.3621236,甲子園歴史館,甲子園歴史館,甲子園歴史館
1_春,C5,廣田神社,寺神社,神功皇后の御代に創建されたと伝わる兵庫県第一の古社。天照大御神の荒御魂を祀り、阪神タイガースが必勝祈願に訪れることでも有名。春は境内のコバノミツバツツジが美しく咲き誇ります。,阪神タイガースが毎年チーム一丸となって「必勝祈願」に参拝する神社として全国的に有名。,中世、京の都から見て西方にある重要な神社であった廣田神社は『西宮』と呼ばれていた。,参道の横の道路名は『広田参道筋』。廣田神社への歴史ある参詣道の名残で、2014年には参道も再整備され、昔の参拝の風景を現代に伝えています,34.7529317,135.3400713,廣田神社,廣田神社,廣田神社
1_春,C6,甲山森林公園,公園,甲山の大部分を占める広大な県立公園。豊かな自然林に囲まれ、展望台、芝生広場、彫刻作品が点在。ハイキングや野鳥観察など、年間を通じて自然と触れ合える県民の憩いの場です。,甲山森林公園は、西宮が舞台の人気アニメ『涼宮ハルヒの憂鬱』の聖地です。SOS団の映画撮影やセミ取りのシーンに登場し、今も多くの聖地巡礼ファンが訪れています。,彫刻の道から笠形噴水、愛の像と続く視線の先に甲山がある,展望台は阪神間が一望できる場所で、天気がいい日は伊丹空港や大阪湾、生駒山まで見える。新幹線や、飛行機の離発着を遠くから見ることもできるので、乗り物好きな方も楽しめます,34.77260132,135.3345468,甲山森林公園,甲山森林公園,甲山森林公園
1_春,C7,銀水橋,施設,阪急甲陽園駅の北側、夙川の上流部に架かる風情ある橋。ここから上流は滝や急峻な六甲山系へと続いており、甲山やゴロゴロ岳、北山緑化植物園へ向かうハイキングコースの出発点として親しまれる。,夙川の上流部に架かっており、ここから先は甲山や六甲山系の大自然が広がるハイキングの起点。,橋の近くには緑豊かな渓谷美が広がり、市街地から少し登るだけで別世界のような清流が楽しめる。,涼宮ハルヒの憂鬱のアニメ版では、北高校のモデルとなった県立西宮北高校周辺から夙川エリアにかけて、実在する風景が数多く描かれています。銀水橋もその一帯に位置しており、聖地巡礼ルートの定番スポットとして知られています。,34.76072648,135.3240022,銀水橋,銀水橋,銀水橋
1_春,D1,甲子園口SL公園,公園,JR甲子園口駅近くの線路沿いにある細長い公園。蒸気機関車そのものはないが、かつて武庫川線で使用されていた本物のSLの給水塔が保存・展示されており、桜と一緒に電車を眺められるスポット。,かつて武庫川線とJR神戸線(当時の国鉄)とが接続されていたことを示す一つの証拠。国鉄から武庫川線に機関車が入っていっていた。当時使われていた給水塔のモニュメントが残っている。,JR神戸線の線路沿いにあるため、公園から行き交う電車を間近で眺めることができる。,春には桜が咲き、JR神戸線を走る電車と、武庫川線で使われていた蒸気機関車の給水塔を一緒に楽しめる、鉄道ファンにも人気のスポットです。,34.73889728,135.3666946,甲子園口SL公園,甲子園口SL公園,甲子園口SL公園
1_春,D2,生瀬宿場町跡,史跡,生瀬地区はかつて有馬温泉へ向かう「有馬街道」の重要な宿場町として栄えました。現在も当時の面影を残す古い町並みや道標、浄橋寺などが点在し、風情ある歴史散策を楽しむことができます。,豊臣秀吉も有馬温泉へ向かう際に立ち寄ったとされる歴史ある有馬街道の宿場町。,昔ながらの細い路地や古い木造建築・常夜燈などが今も静かに残っている。,武田尾・生瀬の武庫川渓谷（JR福知山線廃線跡）の散策ルートの始点としても有名。,34.81926824,135.3287108,生瀬宿場町跡,生瀬宿場町跡,生瀬宿場町跡
1_春,D3,西宮市東部総合処理センター,施設,西宮市鳴尾浜2丁目にある、市のごみ処理と資源循環を担う重要な公共施設です。もやすごみ、もやさないごみ、粗大ごみの直接搬入を受け付けているほか、最新の処理設備を備えています。施設内では、ごみがどのように処理されリサイクルされるかを学ぶことができ、市民の環境学習の場としても活用されています。,ごみの直接搬入は事前の電話予約が必要です。持ち込みの前日までに「ごみ電話受付センター」へ連絡し、月曜日から土曜日の指定時間内に車で搬入します。引越しや大掃除などで出た大量の家庭ごみを適正に処分するための頼もしい施設です。,施設の見学も可能で、公式ウェブサイトでは「バーチャル見学」のコンテンツも提供されています。自宅にいながらパソコンやスマートフォンを通じて、巨大なごみピットや焼却炉の仕組みなど、普段は見られない施設内部の様子を学ぶことができます。,この施設が位置する鳴尾浜周辺には、かつては海運や工業で栄えた歴史があり、現在は大規模な物流拠点やスポーツ施設が集まっています。東部総合処理センターは、そうした近代化された埋立地において、街の衛生と環境を守る中核を担っています。,34.69137384,135.3616908,西宮市東部総合処理センター,西宮市東部総合処理センター,西宮市東部総合処理センター
1_春,D4,西宮浜の桜並木,自然・景観,西宮市の南部に位置する人工島・西宮浜を彩る美しい桜の並木道です。春になると多くのソメイヨシノが一斉に咲き誇り、海風を感じながら桜を楽しめる絶好のお花見スポットとして賑わいます。埋立地の整備とともに植樹され、今では地域住民の憩いの場として深く定着しています。,西宮浜は高度経済成長期以降に造成された埋立地ですが、この桜並木は島内の無機質なマンションの景観に潤いを与える目的で整備されました。年月を経て立派な大木へと成長し、現在では西宮市内でも有数の規模を誇る桜の名所へと発展を遂げています。,このほぼ南北に真っ直ぐ伸びる桜並木は、実は桜の名所である「夙川」の延長線上に位置するように意図して設計されました。海を埋め立てて造成された人工島である西宮浜にも、内陸から続く自然の景観軸と連続性を持たせようとした都市計画の工夫が隠されています。,設計者の意図通り、桜並木の南側（海側）から北へ向かって歩くと、夙川の桜並木と同じように、道のまっすぐ先に西宮のシンボルである「甲山」の姿を望むことができます。桜のトンネルと甲山という、西宮ならではの美しい景観軸が設定された特別なストリートです。たた途中にある建物によって、甲山は半分しか見えません。,34.7130248499702,135.32863499528233,西宮浜の桜並木,西宮浜の桜並木,西宮浜の桜並木
1_春,D5,CLUB NISHINOMIYA,施設,西宮市山口町船坂にある、市街地から車でわずか15分のアウトドアレジャー施設。豊かな自然の中でバレルサウナやテントキャンプ、電動バギー体験ができ、家族や仲間と日帰りでも気軽に楽しめる。,設内の竹林に囲まれたバレルサウナは、オーナーが製作したもの。セルフロウリュも楽しめ、自然の中で“ととのう”体験ができます,一般的なキャンプ場では珍しく、電動バギーやトライクのレンタルが用意されています。子ども向け車両もあり、アウトドアとモビリティ体験を同時に楽しめます。,施設から有馬温泉までは車で約10分圏内。キャンプやBBQ、サウナを楽しんだ後に温泉へ立ち寄るという、六甲山北側ならではの過ごし方も人気です,34.80366687,135.2883071,CLUB NISHINOMIYA,CLUB NISHINOMIYA,CLUB NISHINOMIYA
1_春,D6,盤滝（ばんたき）トンネル,施設,西宮市の市街地と北部の山口町を六甲山系を貫いて結ぶ重要なトンネル。開通により南北の交通アクセスが劇的に向上し、市民の生活や物流を支える大動脈となっています。,盤滝トンネル開通前、西宮北部の山口地域から市街地へは船坂峠を越える必要があり、道路事情も良くありませんでした。地域にとって悲願の道路でした。,トンネル工事中に予想外の異常出水が発生したものの、工事を克服して1991年に開通しました。,盤滝トンネルは長らく有料道路だったけれど、実は当初予定より3年も早い2018年に無料化されたんですよ。,34.7938921,135.293341,盤滝（ばんたき）トンネル,盤滝（ばんたき）トンネル,盤滝（ばんたき）トンネル
1_春,D7,西宮市大谷記念美術館,美術館,実業家・大谷竹次郎氏の寄贈により開館した美術館。近代日本の洋画・日本画、フランス近代絵画などを多数所蔵。水と緑が美しい日本庭園も併設され、芸術と自然を同時に堪能できます。,毎年夏に開催される「イタリア・ボローニャ国際絵本原画展」は全国からファンが集まる大人気展。,館内から眺められる回遊式日本庭園は絶景で滝の水音と四季の池の景色を鑑賞できる。,日本庭園には、岡本太郎作品《午後の日》が飾られている。太陽の塔の子供時代のような作品,34.73227491,135.3245662,西宮市大谷記念美術館,西宮市大谷記念美術館,西宮市大谷記念美術館
1_春,E1,越水浄水場,施設,昭和初期に建設された西宮市の基幹浄水場で、六甲山の豊かな水を市民に供給しています。場内には桜が多数植えられており、春の「桜の通り抜け」期間中のみ一般公開される桜の名所です。,越水浄水場の津波桜は、東日本大震災の津波を乗り越えて花を咲かせた桜の子孫です。,敷地内には約400本の桜があり色鮮やかな「ヤエベニシダレ」などが咲き誇る。,「浄水場」と名前だが、現在は浄水処理は実施しておらず配水をしている。,34.75282821,135.3369548,越水浄水場,越水浄水場,越水浄水場
1_春,E2,広田山公園,公園,廣田神社の周辺丘陵地に広がる公園。県指定天然記念物のコバノミツバツツジが群生しており、4月上旬から中旬にかけて山全体がピンク色に染まる壮大な景色は西宮の春の風物詩です。,コバノミツバツツジ群落は、西宮を代表する自然遺産の一つです。人の手で植えられた庭園ではなく、自生するツツジが大規模に残る貴重な場所で、関西でも有数の見応えを誇ります。,ツツジ群落は兵庫県の天然記念物に指定されている大変貴重な植物群。,広田山公園がある広田山は、古くから廣田神社の神域として守られてきました。そのため都市化が進んだ西宮市内でも豊かな自然環境が残されており、歴史・信仰・自然が一体となった貴重なスポットとなっています。,34.75200312,135.3398022,広田山公園,広田山公園,広田山公園
1_春,E3,クリエートにしのみや,施設,ららぽーと甲子園内にある、西宮市の魅力や情報を発信する市のギャラリー兼情報ステーション。歴史や文化の展示、市民向けワークショップなど多彩なイベントが開催されます。,ららぽーと甲子園の2階にあり、買い物の合間に西宮の歴史や文化に触れることができる。,アニメ「涼宮ハルヒの憂鬱」関連の展示や、地元情報誌のバックナンバーなどが揃うファン必見の場所。,西宮に関する歴史・文化・文学の本が揃っており、地元を深く知ることができる小さな図書館のような役割も担っています。,34.7175132,135.3646757,クリエートにしのみや,クリエートにしのみや,クリエートにしのみや
1_春,E4,エビスタ西宮,商業施設,阪神西宮駅の高架下に展開するショッピングセンター。「えびす様」を祀る西宮神社のお膝元であることが名前の由来で、スーパーや多彩な専門店、フードコートが集まり非常に便利です。,阪神電車「えびす様」のお膝元にちなみえべっさんの「エビ」とステーションの「スタ」から命名。,フードスクエア「STREET KITCHEN」は地元市民の普段使いや呑み歩きスポットとして大人気。,阪神西宮駅直結のため雨に一切濡れずに買い物が楽しめる。,34.73703022,135.338326,エビスタ西宮,エビスタ西宮,エビスタ西宮
1_春,E5,北山貯水池,自然,甲山と六甲山系に囲まれた静かな貯水池。周囲は緑豊かなハイキングコースとなっており、水面に映る山々の景色が美しく、四季折々の自然を楽しみながら散策できる絶好のスポットです。,「甲山を映す湖面と枝垂れ桜」。実は北山貯水池は観光地というより、“地元の人がこっそり教えたい西宮の絶景スポット”です,かつては浄水場の水源でもあった。完成後の北山貯水池は、昭和44年（1969年）から稼働した北山浄水場（現在の北山配水所）の水源として利用されました。南部丘陵地帯への給水を支えましたが、その後は阪神水道企業団からの受水体制が整い、現在は配水施設としての役割が中心となっています。,北山貯水池は、西宮市の上水道を支える重要な施設として整備された貯水池です。六甲山系の豊かな自然に囲まれた立地は、水源を守るとともに、市民の暮らしを陰で支えるインフラとしての役割を果たしています。,34.7735144,135.3243539,北山貯水池,北山貯水池,北山貯水池
1_春,E6,斜行エレベーター(名塩),施設,高低差の激しい名塩地区に設置された、全国的にも珍しい斜めに動くエレベーター。ガラス張りの車体からは名塩の美しい山並みや街の景色を一望できるユニークな公共の交通機関です。,名塩ニュータウンの斜行エレベーターは平成3年（1991年）に完成し、9月から運行を開始しました。斜行長約145メートル、高低差約60メートルを結び、完成当時は「日本最長・最速級」の斜行エレベーターとして全国的に注目を集めました。ちなみに 平成3年10月に、山梨の「コモア・ブリッジ」が210mで日本一になっています。,乗車料金は無料！まるでケーブルカーやアトラクションに乗っているような感覚を味わえる。,名塩ニュータウンの斜行エレベーターは、単なるエレベーターではなく、西宮市では『市道』として扱われています。,34.82835328,135.3103388,斜行エレベーター(名塩),斜行エレベーター(名塩),斜行エレベーター(名塩)
1_春,E7,フレンテ西宮,商業施設,JR西宮駅南口に直結する複合商業施設。コープこうべを核にファッションや飲食の専門店が揃い、上層階にはフレンテホールなどの公共施設も入る市民の生活と文化の拠点です。,館内5階には約300席の「フレンテホール」があり演劇やコンサートの拠点となっている。,JR西宮駅前再開発の象徴として1994年に開業し駅南側のランドマークとなっている。,地下1階のスーパーから専門店までJR西宮利用者の生活を支える中心地。,34.73831667,135.3485017,フレンテ西宮,フレンテ西宮,フレンテ西宮
1_春,F1,東山台桜通り,自然,西宮名塩ニュータウンの東山台地区を南北に貫くメインストリート。春になると道路の両側に植えられた見事な桜並木が一斉に開花し、見事な桜のトンネルを作り出す隠れたお花見スポットです。,ニュータウン開発時に計画的に植えられた桜が成長し春には圧巻の「桜のトンネル」が出現する。,坂道沿いに桜が並ぶため立体感のあるお花見ドライブ＆散策が楽しめる。,西宮北部の春の風物詩として地元の名塩住民に深く愛されている絶景ロード。,34.83198876,135.3161743,東山台桜通り,東山台桜通り,東山台桜通り
1_春,F2,松原神社,寺神社,松原町に鎮座する地域の守り神。閑静な住宅街の中にあり境内は緑豊かで静寂に包まれています。秋の例祭ではだんじり巡行が行われ、地域のお祭りとして大いに賑わいます。,地元松原町の鎮守様として秋の例大祭や正月には地域住民で賑わう。,境内は緑豊かで静けさがあり古くから地域の人々の心のよりどころとなっている。,松原天満宮の境内にある筆塚には、受験勉強を支えた鉛筆が数多く奉納されている。学問の神様・菅原道真公を祀る神社ならではの光景で、合格祈願や学業成就への願いが込められている。,34.73617353,135.3457769,松原神社,松原神社,松原神社
1_春,F3,農協市場館彩菜やまぐち,施設,JA兵庫六甲が運営する農産物直売所。西宮市北部の山口町や船坂地区などで採れた新鮮な地場野菜や果物、お米などが豊富に並び、安心・安全な食材を求めて多くの人が訪れます。,地元農家が毎朝直接持ち込む新鮮な「朝採れ野菜」が大人気で午前中に売り切れることも。,寒暖差の大きい山口地区特有の甘みの強い野菜や米・加工品が手に入る。,西宮市街地から有馬温泉や三田方面へドライブする際の人気立ち寄りスポット。,34.830023,135.2415468,農協市場館彩菜やまぐち,農協市場館彩菜やまぐち,農協市場館彩菜やまぐち
1_春,F4,月見里公園,公園,甲子園球場の南側に位置する公園。以前この辺りが「月見の里」と呼ばれていたことが名前の由来とされる。本物の蒸気機関車（C11-311号機）が展示されており、桜やサルスベリの花の名所でもある。,難読熟語で「月見里」を「やまなし」と読む事が多いが、ここは、「つきみさと」。,園内には本物の蒸気機関車（C11-311号機）が静態保存されており、鉄道ファンの隠れた名所。,月見里公園はサルスベリの名所としても知られています。夏になると鮮やかなピンク色の花が園内を彩り、昭和51年（1976年）に設置されたSLとともに、季節の風景を楽しめる地域の憩いの場となっています,34.7195858,135.3596416,月見里公園,月見里公園,月見里公園
1_春,F5,夙川河川敷緑地,公園,夙川の両岸約2.8kmにわたる緑豊かな河川敷公園。「日本さくら名所100選」に選ばれており、春には約1660本の桜が川を覆うように咲き誇る、西宮を代表するお花見のオアシスです。,昭和24年に当時の辰馬吉左衛門市長の提唱で桜の植樹が始まり約1000本の桜並木となった。,1971(昭和46)年8月1日、国道2号線から下流の夙川東岸道路から自動車を締め出し、夏休みの一か月間を「緑の散歩道」として開放した。大変好評で9月以降も「夙川オアシスロード」として開放を継続している。,夙川河川敷緑地は、『涼宮ハルヒの憂鬱』の舞台モデルとなった西宮エリアの代表的な風景の一つでもあります。春の桜、夏の新緑、秋の紅葉と四季の美しさを楽しめることから、観光客や聖地巡礼ファンにも人気のスポットです。,34.73820397,135.3288259,夙川河川敷緑地,夙川河川敷緑地,夙川河川敷緑地
1_春,F6,阪神甲子園球場(選抜高等学校野球大会),施設,春には「センバツ」の愛称で親しまれる選抜高等学校野球大会が開催され、全国から集まった高校球児たちの熱戦が繰り広げられる、高校野球の聖地です。,甲子園大運動場は1924年に開場しました。「甲子園」という名前は、完成した年が干支でいう「甲子（きのえね）」の年だったことに由来します。球場名が先に誕生し、その後に駅名や地名として定着しました。,甲子園球場は日本で初めて本格的に造られた大規模野球場の一つです。開場当時は約5万5000人を収容でき、アジア最大級のスタジアムとして全国から注目を集めました,アルプススタンドの名称は白いシャツの観客群がアルプス山脈の雪のように見えたことから。芸術家・岡本太郎の父で漫画家の岡本一平が新聞に書いたことから。,34.72142901,135.3616778,阪神甲子園球場(選抜高等学校野球大会),阪神甲子園球場(選抜高等学校野球大会),阪神甲子園球場(選抜高等学校野球大会)
1_春,F7,葭原橋（あしはらはし）,施設,夙川に架かる橋の中でも 河口から2番目に位置する小さな人道橋 です。,作家 村上春樹さんの短編エッセイ『ランゲルハンス島の午後』のモデルになった橋 として有名です。作品には「趣のある古い石の橋」として描かれています,橋の名前は「あしはらはし」ですが、周辺の地名である 上葭原・中葭原・下葭原は『よしはら』と読む ため、地元でも読み方の違いが話題になることがあります,5月頃は夙川を泳ぐ鯉のぼりが楽しめ、四季を通じて写真愛好家が訪れる人気スポット になっています,34.72807931,135.3290243,葭原橋（あしはらはし）,葭原橋（あしはらはし）,葭原橋（あしはらはし）
1_春,G1,アンネのバラの教会,寺社・教会,西宮市甲陽園にある日本基督教団の教会です。ホロコーストの犠牲となったアンネ・フランクを偲び、彼女の父親であるオットー・フランクから直接贈られた「アンネの形見のバラ」が敷地内で大切に育てられていることで全国的に知られ、平和を祈る象徴的な場所となっています。,1971年、この教会の前身となる聖歌隊のメンバーがオットー・フランクと文通による交流を始めたことが縁となり、翌年彼から一株のバラの苗が贈られました。このバラはベルギーの園芸家がアンネを偲んで作り出した新品種で、教会の人々の手によって愛情深く育てられ増殖しました。,敷地内にある「アンネ・フランク資料館」では、彼女が実際に隠れ家で使用していたスプーンや、オットーから送られた手紙など、ホロコーストの悲惨さと平和の尊さを伝える貴重な実物資料が一般向けに展示されており、修学旅行生など多くの人々が平和学習のために訪れます。,オットーから贈られたバラは、つぼみの時は赤く、開花すると黄金色に輝き、散り際にはピンク色へと変化していく美しいグラデーションが特徴です。毎年5月頃の見頃の時期になると、教会の庭一面にこのバラが咲き誇り、アンネの平和への願いを体現するような美しい空間が広がります。,34.763138556398,135.32790726644848,アンネのバラの教会,アンネのバラの教会,アンネのバラの教会
1_春,G2,奥池,自然,六甲山の中腹、芦有ドライブウェイの途中にある風光明媚なため池。周囲は緑深い別荘地となっており、静寂な湖面と山の木々が織りなす景色はまるでヨーロッパの湖畔のような美しさです。,西宮市と芦屋市の境界近くに位置し江戸時代に新田開発の水源として造られたため池。3つある池のうち、1つが西宮市に属しています。,奥池は六甲山地の南麓、西宮市と芦屋市の境界付近にあるため池です。周辺は標高が高く、市街地より夏は涼しく冬は冷え込むため、「関西の軽井沢」と呼ばれることもある別荘地として発展しました。,秋には池の水面に映る紅葉が幻想的でハイキングコースの立ち寄り地点として人気。,34.82979925,135.242862,奥池,奥池,奥池
1_春,G3,万葉植物苑,施設,西田公園内にあり、日本最古の和歌集「万葉集」にゆかりのある72種類の植物が植えられた趣ある植物苑。それぞれの植物には万葉歌の石碑や説明板が添えられ、四季折々の自然と万葉の世界を楽しめる。,万葉集の和歌に登場する植物が多数植えられており歌の解説板と一緒に楽しめる。,新元号「令和」の由来となった『万葉集』梅花の歌 にちなみ、園内には梅の木も多く植えられています。早春には万葉の世界を感じながら梅の花を楽しめます。,犬養孝博士は晩年を西宮で過ごしており、苑内には 犬養博士が選んだ万葉歌や歌碑 が設置されています。西宮と万葉文化を結ぶ貴重な場所です。,34.74349071,135.3358087,万葉植物苑,万葉植物苑,万葉植物苑
1_春,G4,山陽新幹線記念公園,公園・史跡,西宮市を東西に貫く山陽新幹線の六甲トンネル東側坑口の真上、新幹線の線路を跨ぐように整備された記念公園です。新幹線のトンネル工事の偉業を後世に伝えるために作られ、慰霊碑が建立されています。高台にあるため見晴らしが良く、行き交う新幹線を間近で見下ろすことができます。,園内には、六甲トンネルの難工事で犠牲となった54名の作業員の霊を慰めるための慰霊碑がひっそりと建てられています。六甲山系の複雑な断層や湧水に阻まれた過酷な掘削工事の歴史を今に伝え、日本の交通インフラ発展の裏にある尊い犠牲を忘れないための場所となっています。,トンネルの出入り口の真上に位置するため、新幹線が高速でトンネルに突入・脱出する瞬間の大迫力の走行音と風圧を安全な場所から体感できる全国的にも珍しいスポットです。そのため、鉄道ファンや子供連れの家族に絶大な人気を誇る新幹線の見学名所となっています。,山陽新幹線が新大阪から岡山まで部分開業した1972年（昭和47年）に合わせて整備されました。当時、全長16キロメートルを超える六甲トンネルは日本最長のトンネルであり、日本の土木技術の粋を集めた世界的にも注目される巨大プロジェクトの記念碑的意味合いを持っています。,34.7646344004128,135.35477305295814,山陽新幹線記念公園,山陽新幹線記念公園,山陽新幹線記念公園
1_春,G5,西宮七園,地域,甲子園、昭和園、甲風園、甲東園、甲陽園、苦楽園、香櫨園の「園」がつく7つの高級住宅街の総称。大正から昭和初期に鉄道網の発展とともに開発され、現在も阪神間モダニズムの優雅な景観を残します。,大正から昭和初期にかけて、私鉄各社が沿線開発として作り上げた阪神間屈指の邸宅街ネットワーク。,七園のうちの甲風園、甲東園、甲陽園の「甲」は、甲山から取っているが、甲子園の「甲」は甲山とは関係ない。,「園」がつく地名は、当時流行した遊園地やリゾート地の開発が起源となっている場所も多い。,34.74700382,135.353907,西宮七園,西宮七園,西宮七園
1_春,G6,武庫川河川敷緑地,公園,武庫川の広大な河川敷を利用した公園。全長約7kmにわたってサイクリングロードやグラウンドが整備され、春には桜が咲き誇る市民のスポーツと憩いの場です。,"ここは、兵庫県の「ふるさと桜づつみ回廊」の瀬戸内海側の起点に位置しています。春には約1,040本の桜が咲き誇り、武庫川を代表する花見スポットになります。",武庫川は古くから地域の暮らしや農業を支えてきました。一方で洪水を繰り返してきた川でもあり、河川改修によって整備された河川敷緑地は、防災と憩いの場を両立させる役割を担っています。,敷地が広大で春の花々やピクニック・スポーツなど市民のマルチなアウトドア空間。,34.73779403,135.3792981,武庫川河川敷緑地,武庫川河川敷緑地,武庫川河川敷緑地
1_春,G7,ゴール,コマ,ゴールポイントです。,うんちく1,うんちく2,うんちく3,34.73774786,135.3414305,ゴール,ゴール,ゴール
2_夏,A1,スタート,コマ,スタートポイントです。,うんちく1,うんちく2,うんちく3,34.73774786,135.3414305,スタート,スタート,スタート
2_夏,A2,西宮神社(ヱビスビールフェスタ),寺神社,毎年夏に全国のえびす神社の総本社である西宮神社の境内で開催されるビールフェスタ。ヱビスビールや地元グルメを味わいながら涼を楽しめる夏の風物詩です。,エビスビールの名前の由来となった「えびす様」の総本社で開催される、ビール好きにはたまらない夏イベント。,赤門から入る境内の屋台や特設会場で、キンキンに冷えた生ビールとご当地グルメを楽しめる。,西宮神社では、福男で有名な1月の十日えびすだけでなく、半年後の7月10日に『夏えびす』が行われます。『半年参り』ともいえる行事で、正月とは違った涼やかな雰囲気を楽しめます。,34.73447602,135.335101,西宮神社(ヱビスビールフェスタ),西宮神社(ヱビスビールフェスタ),西宮神社(ヱビスビールフェスタ)
2_夏,A3,茄子 苗培養頌徳碑,史跡,西宮市下大市東町にある、地元特産の茄子の栽培技術を発明した人物の功績を称える記念碑です。かつてこの地域で栽培されていた「下大市の茄子（オイチのナス）」は、関西一円で有名でした。明治時代に干ばつや虫害で産地が没落しかけた際、新たな苗の培養法が開発され、地域の農業を救った歴史を伝えています。,「オイチのナス」は、その美味しさから非常に高い評価を受けていましたが、時代の変化や環境の悪化により昭和の初め頃にはほとんど作られなくなってしまいました。まさに「幻の茄子」とも言える存在で、この碑だけがかつての繁栄を物語っています。,近年、この幻の「オイチのナス」を復活させようとする地域活性化の動きがあります。門戸厄神周辺のイベント「味さんぽ」などでは、地元の飲食店が協力してオイチのナスを使った特別メニューを提供し、食文化の再発見として注目を集めています。,この頌徳碑の正確な建立年や、培養法を発明した具体的な人物の名前などの詳細な記録については、検索で見つけることができず「わからない」部分が多く残されています。しかし、農業技術の進歩に感謝する地元の人々の熱い思いが刻まれた大切な石碑です。,34.76065604,135.361781,茄子 苗培養頌徳碑,茄子 苗培養頌徳碑,茄子 苗培養頌徳碑
2_夏,A4,西宮甲山乗馬クラブ,施設,緑豊かな甲山のふもとに位置し、初心者から経験者まで気軽に馬と触れ合える乗馬クラブ。大自然に囲まれた馬場で、馬の温もりに癒されながらリフレッシュできる施設です。,市街地から近い甲山の豊かな森の中で馬とふれあい乗馬を楽しめる貴重な施設。,初心者向けの体験乗馬コースから本格的なレッスンまで子どもから大人まで楽しめる。,馬の背中に揺られながら自然を感じることで心身ともにリフレッシュできる癒しの体験。,34.77826526,135.3172599,西宮甲山乗馬クラブ,西宮甲山乗馬クラブ,西宮甲山乗馬クラブ
2_夏,A5,西宮マリーナ,レジャー施設,御前浜の近く、西波止町に位置する関西最古級の歴史を誇るヨットハーバー（旧西宮ヨットハーバー）です。1945年（昭和20年）の開設以来、多くのクルーザーやヨットが係留され、大阪湾におけるマリンスポーツや海洋文化の発信拠点として長年親しまれています,1962年（昭和37年）、海洋冒険家の堀江謙一氏が小型ヨット「マーメイド号」で日本人初となる太平洋単独無寄港横断へ旅立った記念すべき出発地が、まさにこの西宮マリーナです。日本の海洋冒険史における伝説的な聖地となっています。,かつては森繁久彌や加山雄三ゆかりのヨットが係留されていたとも伝えられ、映画や文化人とのつながりを感じさせるエピソードが残されています。,村上春樹の長編小説『1Q84』にも登場することで知られています。また、マリーナの一角にはウェイクボード施設が設けられ、現在もマリンスポーツの拠点として親しまれています。,34.7237252454017,135.334844495283,西宮マリーナ,西宮マリーナ,西宮マリーナ
2_夏,A6,西宮交通公園（久保公園）,公園,遊びながら交通ルールを学べるよう、園内に横断歩道や信号機、標識が設置されている公園。遊具も充実しており、小さな子供連れの家族が安全に楽しく過ごせる憩いの場です。,本物そっくりの信号機や道路標識・横断歩道があり自転車で走れる。遊びながら楽しく正しい交通ルールやマナーを身につけられるため幼児や小学生に大人気。,西宮交通公園は昭和45年（1970年）に開園しましたが、長年の風雨で園内のミニチュア建物や遊具の塗装が色あせていました。そこで令和元年から大手前大学の学生が再塗装プロジェクトに参加し、公園を鮮やかによみがえらせました。,園内には緑も多く保護者が安心して子どもを遊ばせることができる地域に愛される公園。,34.72940609,135.3394641,西宮交通公園（久保公園）,西宮交通公園（久保公園）,西宮交通公園（久保公園）
2_夏,A7,甲陽園地下壕,史跡・戦争遺跡,第二次世界大戦末期に、旧日本軍が本土決戦に備えて西宮市の甲陽園地区の山中に掘削した巨大な地下壕の跡です。複雑に掘り巡らされたトンネル群は、航空機工場や弾薬庫、あるいは軍の司令部として使用することを想定して建設されたと言われており、戦争の記憶を今に伝えています。,建設作業には、多くの労働力が必要とされました。地元住民だけでなく、朝鮮半島などから動員された人々も過酷な労働環境の中で掘削作業に従事したという歴史的背景があり、現在では平和学習の重要な場として、当時の労働の実態や戦争の悲惨さを後世に語り継ぐ役割を担っています。,壕の内部は網の目状に掘り進められており、総延長はかなりの距離に及びます。一部の壕は現在も住宅街の裏山などにひっそりと入り口を残していますが、崩落の危険性があるため立ち入りは厳しく制限されており、フェンス越しにその暗く巨大な穴の全容をわずかにうかがい知ることができます。,戦後、一部の地下壕はキノコ（マッシュルームなど）の栽培に利用されたり、ワインの貯蔵庫として転用されたりした時期もありました。年間を通じて温度が一定に保たれる地下空間の特性を活かしたものでしたが、現在ではそうした利用も少なくなり、静かに歴史の証人として眠っています。,34.7635333810675,135.331380724121,甲陽園地下壕,甲陽園地下壕,甲陽園地下壕
2_夏,B1,枝川樋門,史跡・インフラ,かつて西宮市南部を流れ、甲子園球場建設の契機となった廃川「枝川」の遺構です。江戸時代に武庫川の氾濫を防ぐための分水路として開削された枝川の流量を調整し、農業用水を周辺の田畑に供給するために設けられた水門の跡であり、地域の治水と農業の歴史を静かに物語っています。,枝川は、大正時代に武庫川の大改修が行われた際に埋め立てられ、その広大な廃川敷を利用して阪神甲子園球場や甲子園の住宅街が建設されました。枝川樋門は、川そのものが地図上から完全に消滅した現在において、かつてそこに豊かな水が流れていたことを物理的に証明する数少ない土木遺産です。,残された樋門の構造には、堅牢な石積みや煉瓦造りの技術が見られ、近代日本の土木技術の変遷を観察することができます。頻発する水害から住民の命と財産を守りつつ、酒造りや農業に不可欠な良質な水を確保しようとした、過去の西宮の人々の治水に対する苦闘の歴史が刻み込まれています。,現在、遺構の周辺は公園や遊歩道として整備されており、地域住民の散歩コースとして日常の風景に溶け込んでいます。案内板が設置され、川が流れていた当時の写真や図解とともに歴史が解説されており、甲子園という巨大都市空間が「川の跡」に作られたというダイナミックな事実を学べます。,34.735535607815, 135.3793501817931,枝川樋門,枝川樋門,枝川樋門
2_夏,B2,社家郷山キャンプ場,公園,西宮市北部の盤滝近くにある、豊かな森と美しい渓流に囲まれた自然あふれるキャンプ場。都会の喧騒を離れ、川遊びやバーベキューなど大自然を満喫できるアウトドア施設です。,社家郷山キャンプ場は、六甲山系の豊かな自然に囲まれた西宮市立の野外活動施設です。市街地から近い場所にありながら、本格的な森林環境の中でキャンプや自然体験が楽しめる貴重なスポットとして親しまれています。,「社家郷山（しゃけごやま）」という名前は、かつて廣田神社の神職である「社家（しゃけ）」が利用していた山に由来するといわれています。地名そのものに西宮の古い信仰と歴史が刻まれています。,キャンプ場周辺には六甲山系特有の雑木林が広がり、四季折々の自然を観察できます。春の新緑、夏の昆虫、秋の紅葉など見どころが多く、環境学習や野外教育の場としても活用されています。,34.78259171,135.3111449,社家郷山キャンプ場,社家郷山キャンプ場,社家郷山キャンプ場
2_夏,B3,鳴尾の一本松,史跡,古くから和歌にも詠まれた「鳴尾の一本松」の跡地。かつては沖を航行する船の目印として親しまれ、現在は里中町の住宅街に松が植えられている。松はすでに5代目。,かつて鳴尾の海岸線にあった巨大な松で、沖合を航行する船が位置を知るための重要な目印だった。,室町時代などの古い和歌にも「鳴尾の一本松」として詠まれるほど、古くから全国的に有名な名所だった。,鳴尾の一本松はあまりに大きく、朝の影は須磨の一ノ谷まで、夕方の影は天王山や奈良の暗峠まで届いたと伝えられています。,34.71961832,135.3731615,鳴尾の一本松,鳴尾の一本松,鳴尾の一本松
2_夏,B4,西宮港跡,史跡,江戸時代に灘五郷の一つとして酒造業で栄え、江戸へと新酒を運ぶ樽廻船の拠点となった港の跡地。現在は埋め立てが進み当時の姿は残っていないが、西宮の発展を支えた歴史を今に伝える。,西宮港は江戸時代から明治時代にかけて栄えた港で、西宮郷の酒を江戸へ運ぶ重要な積み出し港でした。「灘の酒」の発展を支えた物流拠点であり、西宮が酒どころとして名を馳せる原動力の一つとなりました。,西宮港は大阪湾の海上交通の要衝として機能し、酒樽だけでなく米や木材などさまざまな物資が行き交いました。当時の西宮は港町としても繁栄し、酒造業と海運業が密接に結びついて発展しました。,現在、往時の港そのものは残っていませんが、周辺には酒蔵や西宮砲台など歴史的資産が点在しています。西宮港跡は、かつて海とともに栄えた西宮の歴史を物語る貴重な場所として知られています。,34.7269008,135.3364671,西宮港跡,西宮港跡,西宮港跡
2_夏,B5,大池,自然・史跡,甲陽園小学校の隣に広がる大池は、閑静な住宅街の中に残る甲陽園のシンボル的な池です。現在は遊歩道や公園が整備され、水鳥や季節の草花を楽しめる憩いの空間となっています,今は静かな住宅街の池ですが、大正時代の大池周辺は「東洋一の大公園」を目指した一大レジャーランドでした。温泉や旅館、劇場、遊園地、さらには映画撮影所まで集まり、多くの人で賑わったといわれています。現在の穏やかな風景からは想像しにくいですが、甲陽園はかつて阪神間有数の娯楽スポットだったのです。,池の南側に並ぶラクウショウは、水中で呼吸しやすくするため地面から筍のような「気根」を伸ばします。初めて見る人は石や切り株と勘違いしますが、実は木の一部。大池ではそんな不思議な植物の生存戦略を間近に観察できます。,大池のほとりでは、かつて無声映画時代の撮影が行われていました。現在は水鳥が集う静かな池ですが、100年前にはカメラが回り、俳優や映画関係者が行き交う華やかなエンターテインメントの舞台だったのです。,34.75954743717581,135.33388407236689,大池,大池,大池
2_夏,B6,マンボウトンネル,史跡,JR神戸線の線路下をくぐるために作られた、大人がかがんでやっと通れるほどの小さな歩行者用トンネル。かつての水路を利用したと言われ、レトロで不思議な生活道として有名です。,名前の「マンボウ」は魚ではなく、鉱山の坑道を意味する「間歩（まぶ）」が訛ったものと言われている。,元々は農業用の水路として作られたトンネルに板を渡して、人が通れるようにしたレトロな生活道。,大人は腰をかがめないと通れないほど天井が低く、レンガ造りの壁面がタイムスリップしたような雰囲気を醸し出す。,34.7398408,135.3714028,マンボウトンネル,マンボウトンネル,マンボウトンネル
2_夏,B7,海清寺,寺神社,室町時代に創建された臨済宗の古刹で、境内にそびえる樹齢約600年と伝わる見事な「大クス」で知られるお寺。県の天然記念物にも指定された巨木は圧巻の生命力を感じさせます。,応永元（1394）年創建とされる歴史ある禅寺で境内は非常に静かで凛とした空気が漂う。,境内にある大きなクスノキ（クスノキ群）は庫県指定の天然記念物に指定されている。,かつて西宮神社（えびす様）と深い関わりがあり西宮の歴史を語る上で欠かせない古刹の一つ。,34.73744785,135.3430947,海清寺,海清寺,海清寺
2_夏,C1,蓬莱峡,自然,西宮市北部に位置する、花崗岩が風化してできた無数の奇岩や剣山がそそり立つ荒涼とした渓谷。まるで異世界のようなダイナミックな景観が広がり、映画のロケ地にもなった景勝地です。,白い花崗岩が風化して削り出された無数の岩柱が立ち並び異世界のような壮大な景観！,黒澤明監督の映画『隠し砦の三悪人』の撮影ロケーションとしても使われた歴史がある。,風化しやすい花崗岩の地質であるため、雨風によって現在も少しずつその形を変え続けている。,34.81075358,135.2998995,蓬莱峡,蓬莱峡,蓬莱峡
2_夏,C2,西宮砲台,史跡,幕末に江戸幕府が黒船襲来に備えて大阪湾防衛のために建設した石造りの円堡（大砲の砲台）跡。国の史跡に指定されており、当時の海防の歴史を伝える貴重な近代化遺産です。,勝海舟の建言により幕末に作られた石造りの砲台で国の史跡に指定されている。,実際に大砲を試射した際煙が内部に充満したため一回使われただけで実戦には使われなかったという伝説がある。,明治時代に民間に払い下げられると、巨大な珍しい建築物として人気を集め、料亭やビアガーデンとして賑わいました 。,34.72429374,135.3328679,西宮砲台,西宮砲台,西宮砲台
2_夏,C3,甲子園プラス,商業施設,阪神甲子園球場に隣接する、野球文化の発信や飲食、体験型施設が集まる複合商業施設。シミュレーション野球や甲子園歴史館の一部が入り、試合観戦の前後や休日のお出かけに最適です。,甲子園球場のすぐ南側にオープンし、球場の歴史や野球文化をより深く楽しめる新しい拠点。,施設内にはバッティングセンターやシミュレーション野球があり、子どもから大人まで本格的に遊べる。,飲食店にはテラス席もあり、試合開催日には球場の熱気や歓声を感じながら食事ができる。,34.72016871,135.3621523,甲子園プラス,甲子園プラス,甲子園プラス
2_夏,C4,阪急西宮ガーデンズ,商業施設,阪急西宮スタジアムの跡地に開業した、西日本最大級の広さを誇る大型ショッピングモール。多彩な店舗や映画館、屋上庭園を備え、ショッピングやグルメを一日中満喫できます。,阪急西宮ガーデンズの敷地は、かつて阪急ブレーブスの本拠地だった阪急西宮球場の跡地です。その歴史を伝えるため、敷地内には「ブレーブス子供会記念碑」が保存されており、往年のファンの思い出を今に伝えています。 「ブレーブス子供会記念碑」の同じもの甲山大師近くにもおいてある。,阪急西宮スタジアムは1937年から2002年まで存在し、阪急ブレーブスの本拠地として有名でしたが、アメフトの試合会場としても長年利用されました。その歴史を後世に伝えるため、ガーデンズ周辺に「アメリカンフットボール記念碑」が設置されています,階スカイガーデンには当時のホームベースの位置を示す「メモリアルポイント」が残されています。このホームベースは、スカイガーデン内の「木の葉ステージ」北側付近に設置されています。現在はショッピングモールになっていますが、その場所こそが往年の阪急ブレーブスの選手たちが打席に立った本塁の位置なのです。,34.7440576,135.3598303,阪急西宮ガーデンズ,阪急西宮ガーデンズ,阪急西宮ガーデンズ
2_夏,C5,船坂里山学校,文化・体験施設,西宮市北部の自然豊かな船坂地区にある、閉校となった旧西宮市立山口小学校船坂分校の木造校舎をリノベーションした体験型施設です。里山の豊かな自然環境や昔ながらの生活文化を体験できる場として、農業体験や各種ワークショップが定期的に開催され、地域交流の拠点となっています。,建物自体は昭和初期から中期に建てられた温かみのある木造平屋建ての校舎をそのまま活用しています。当時の子供たちが学んだ教室や長い廊下、木枠の窓ガラスなどが良好な状態で保存されており、足を踏み入れるだけで昭和の時代にタイムスリップしたかのような郷愁を誘います。,船坂地区は、西宮市内でありながら標高が高く、冬には雪が積もることも珍しくない寒冷な気候が特徴です。この学校では、そうした特有の気候や地形を活かした無農薬野菜の栽培体験や、そば打ち、茅葺き屋根の修繕見学など、都市部では難しい本格的な里山生活を体験できます。,2010年に長年の歴史に幕を閉じ休校となった後、地域の有志やアーティストたちが協力して「船坂ビエンナーレ」などの芸術祭の会場として再活用したことがきっかけで、現在の恒久的な里山学習および文化交流の施設として生まれ変わる原動力となりました。,34.80579785418172,135.2820684241239,船坂里山学校,船坂里山学校,船坂里山学校
2_夏,C6,ウヰルキンソン記念館,史跡・産業遺産,日本を代表する炭酸水ブランドである「ウィルキンソン」の発祥の地、西宮市生瀬地区に関する関連施設・記念碑です。明治時代にイギリス人ジョン・クリフォード・ウィルキンソンがこの地で良質な炭酸鉱泉を発見し、瓶詰めして販売を開始した歴史を今に伝えています。,1889年（明治22年）、狩猟で生瀬の山中を訪れていたウィルキンソンが、湧き出る天然の炭酸鉱泉を偶然発見したのがブランドの始まりです。この鉱泉水をロンドンに送って分析したところ、世界でも有数の良質な食卓用鉱泉であることが判明し、本格的な事業化へと繋がりました。,当初は「仁王印ウォーター」という名称で販売されていましたが、その後「ウィルキンソン・タンサン」と名を変えました。大正時代には生瀬に近代的なボトリング工場が建設され、国内の高級ホテルだけでなく、海外27カ国に向けて輸出される世界的な飲料へと成長を遂げました。,現在、生瀬の工場跡地周辺には当時の面影を残すものは少なくなりましたが、ブランド誕生の歴史を後世に伝えるための記念碑などが設置されています。西宮が日本における「本格的炭酸水製造の発祥の地」の一つであることを証明する、産業史において非常に重要な足跡です。,34.81608908114278,135.33214546645127,ウヰルキンソン記念館,ウヰルキンソン記念館,ウヰルキンソン記念館
2_夏,C7,関西学院大学キャンパス,施設,「日本一美しいキャンパス」とも称される、スパニッシュ・ミッション・スタイルで統一された学び舎。シンボルの時計台と中央芝生が織りなす異国情緒あふれる美しい景観が魅力です。,時計台越しに甲山が見える「中央芝生」の景観はヴォーリズ建築と自然が調和した絶景スポット！,スパニッシュ・ミッション・スタイルの赤い瓦屋根とクリーム色の壁で統一された美しい校舎群。,時計台（旧図書館）は国の登録有形文化財に指定されており西宮の文教都市としての象徴。,34.76947854,135.3475371,関西学院大学キャンパス,関西学院大学キャンパス,関西学院大学キャンパス
2_夏,D1,今津砲台跡,史跡,幕末の黒船来航に危機感を抱いた江戸幕府が、大阪湾岸防衛のために築造を命じた砲台の跡。西宮砲台と対をなす形で建設が進められましたが未完成に終わり、現在は記念碑が建っています。,黒船来航に備えて勝海舟の建白により大坂湾防衛のために計画された砲台の一つ。,明治42年(1910年)に民間に払い下げられ、大正4年(1915年)に解体された。,現在は公園の一角に記念碑がひっそりと建っており、幕末の激動の歴史を今に伝えている。,34.72008542,135.3456667,今津砲台跡,今津砲台跡,今津砲台跡
2_夏,D2,西宮中央商店街,商業施設,阪神西宮駅の南側に広がり、かつて西宮神社の門前町として栄えた歴史ある商店街。昔ながらの老舗店や地元の人々に愛される飲食店が軒を連ね、人情味あふれるローカルな活気が魅力です。,西宮神社の門前町として発展し昔ながらの老舗から個性的な新しいお店までが並ぶ。,阪神西宮駅から西宮神社へ向かう参道ルートに位置し食べ歩きや買い物が楽しめる。,毎年1月の「十日戎」の時期には、神社へ向かう参拝客で通りが埋め尽くされるほどの大賑わいを見せる。,34.73579289,135.3377028,西宮中央商店街,西宮中央商店街,西宮中央商店街
2_夏,D3,西宮浜総合公園 多目的グラウンド,公園,西宮浜の人工島にある、サッカーなど多様なスポーツが楽しめる広々とした公園。海に近く開放的な環境の中、休日には多くのスポーツ愛好家で賑わう地域スポーツの拠点です。,最新のきれいな人工芝が敷き詰められた多目的グラウンドでナイター設備も完備。,公園内にはスケートボード場（スケボーパーク）やBMXエリアなどアーバンスポーツ施設も充実！,海に隣接した開放的なロケーションで思い切り汗を流すことができるスポーツの拠点。,34.71759238,135.3273301,西宮浜総合公園 多目的グラウンド,西宮浜総合公園 多目的グラウンド,西宮浜総合公園 多目的グラウンド
2_夏,D4,網引公園,公園,甲子園球場から徒歩圏内の臨港線沿いにある市民の憩いの場。別名「アジサイ公園」と呼ばれ、梅雨の時期には色鮮やかな紫陽花が咲き誇る。遊具や噴水も充実しており、子ども連れの家族で賑わう。,かつてこの地域が漁業で「網を引いていた」ことにちなむ網引（あびき）の名を冠した公園。,園内にはたくさんの紫陽花が植えられており、梅雨の季節には「アジサイ公園」として美しく色づく。,甲子園球場から南へ少し歩いた場所にあり、噴水や大型遊具があるため近隣ファミリーの定番の遊び場。,34.72157768,135.3558618,網引公園,網引公園,網引公園
2_夏,D5,JR福知山線廃線敷,史跡,武田尾駅から生瀬駅にかけての武庫川渓谷沿いに残る、かつての鉄道の廃線跡を歩けるハイキングコース。真っ暗なトンネルや鉄橋、渓谷美を楽しみながら自然と鉄道遺産を満喫できます。,かつて蒸気機関車やディーゼル列車が走っていた線路跡で今も枕木が足元に残されている。,途中に暗闇のトンネルが6つあり通行には懐中電灯（ライト）が必須の冒険コース！,春の桜や秋の紅葉の名所として知られ渓谷美を眺めながらのハイキングは最高。,34.82483467,135.319385,JR福知山線廃線敷,JR福知山線廃線敷,JR福知山線廃線敷
2_夏,D6,シールドカッターヘッドのモニュメント,史跡,浜甲団地通りと枝川が交差する公園の一角に設置されている、巨大な掘削用カッターのモニュメントです。これは地下にトンネルを掘るための機械「シールドマシン」の先端部にあたります。街を浸水から守るための重要な地下貯留管工事で実際に使用されたものが、記念として展示されています。,この巨大なカッターヘッドは、浜甲子園運動公園から西宮東高校グラウンドにかけての津門川地下貯留管の整備工事で活躍したものです。大雨時に雨水を一時的に地下へ貯め込み、川の氾濫を防ぐという「縁の下の力持ち」の役割を果たしました。,シールド工法とは、筒状の機械で地中を掘り進めながら、同時にトンネルの壁面を組み立てていく安全な工法です。展示されているカッターヘッドには頑丈な刃が無数に付いており、硬い地盤を削り取った迫力ある痕跡を間近で観察できます。,展示場所は枝川の下流付近の公園内にあり、「西宮まちなかアート」の一つとしても親しまれています。普段は地下深くに隠れて決して見ることのできない巨大重機のパーツが、青空の下にアート作品のように鎮座している姿は非常にインパクトがあります。,34.70931623,135.3611916,シールドカッターヘッドのモニュメント,シールドカッターヘッドのモニュメント,シールドカッターヘッドのモニュメント
2_夏,D7,西宮浜 BBQ PARK powered by LOGOS,施設,人気アウトドアブランド「LOGOS」がプロデュースする手ぶらで楽しめるBBQ施設。海と空が広がる開放的なロケーションで、面倒な準備不要で家族や友人と快適にバーベキューを満喫できます。,アウトドアブランドLOGOSのギアやテントが使われておりおしゃれにキャンプ気分が味わえる！,食材や道具がすべて用意されているため完全「手ぶら」でBBQが楽しめる手軽さが人気。,西宮浜の海風と広大な芝生を感じながらファミリーや友達同士で一日中過ごせる。,34.72100717,135.3300259,西宮浜 BBQ PARK powered by LOGOS,西宮浜 BBQ PARK powered by LOGOS,西宮浜 BBQ PARK powered by LOGOS
2_夏,E1,火垂るの墓記念碑,史跡,『火垂るの墓』の舞台である西宮市のニテコ池周辺（満池谷）に建てられた記念碑。平和への願いを込めて建立され、戦争の悲惨さと平和の尊さを後世に静かに伝え続けています。,小説の舞台であるニテコ池の近く（西宮市震災記念碑公園内）に設置され平和の尊さを今に伝える。,記念碑建立のきっかけは、地元住民の土屋純男さんらによる調査活動でした。野坂氏が亡くなった後、「戦争の悲惨さと平和の大切さを後世に伝えたい」という思いから2017年に実行委員会が発足し、募金活動を進めて建立が実現しました。,記念碑には「小説 火垂るの墓 誕生の地」と刻まれています。戦後75年の節目に建立され、碑のそばには恒久平和への願いを込めて「アンネのバラ」が植えられています。西宮市初の文学碑としても知られています。,34.75217167,135.3355135,火垂るの墓記念碑,火垂るの墓記念碑,火垂るの墓記念碑
2_夏,E2,水道路(すいどうみち),インフラ・道路,大正時代、千苅貯水池から上ヶ原浄水場を経由し、神戸市へ送水する巨大な水道管の敷設に伴い整備された専用道路「神戸水道道」の一部です。上ヶ原から甲陽園の大池や甲陽線の横を抜け、芦屋方面へ続くこのルートは現在「水道みち」として親しまれており、本スポットは甲陽線と斜めに交差する「水道路(すいどうみち)踏切」を指します。涼宮ハルヒの憂鬱の聖地の一つです。,地下には、大正期の神戸市の深刻な水不足を解消するため、大規模な土木工事で敷設された大口径の水道管が眠っています。西宮市内の地形に合わせて、上ヶ原浄水場から北夙川通りを通り、岩園隧道を経由して芦屋市へと抜ける、緩やかな曲線や直線が組み合わさった独特の生活道路ルートが形成されました。,このすごろくで指している「水道路踏切」は、阪急甲陽線と水道みちが斜めに交差する踏切です。地下の水道管のルートを優先して道が作られたため、鉄道と道路が独特の角度で交わっています。春には夙川周辺の桜並木とマルーン色の阪急電車が交差する、阪神間ならではの風情ある美しい景観が広がります。,2006年（平成18年）8月、甲陽園近くのルート上で地下の送水管が破裂し、市道が陥没する事故が発生しました。報道により、これが昭和5年に埋設された「神戸市の工業用水道管」であることが判明。西宮市民の見慣れた生活道路の下に、神戸の産業を支える古い巨大インフラが通っていた事実が広く知られる契機となりました。,34.75750819803873,135.33252757065043,水道路(すいどうみち),水道路(すいどうみち),水道路(すいどうみち)
2_夏,E3,津門中央公園,公園,川崎製鉄から寄贈された敷地に広がる、川に挟まれた三角州状の大型公園。本格的な野球場や遊具を備えるほか、災害時の防災拠点としても機能する。春には川沿いが隠れた桜の名所となる。,本格的な夜間照明を備えた野球場（津門野球場）がありアマチュア野球の熱戦が繰り広げられる。,津門中央公園の北側入口付近には、西宮市の観光キャラクター「みやたん」が描かれたカラー版の上水道マンホールがあります。市内でも目立つ存在で、マンホールファンの撮影スポットになっています。,津門川と東川に挟まれた三角州に位置しており、広々としたグラウンドは地域の防災拠点としても重要。,34.73066517,135.3478079,津門中央公園,津門中央公園,津門中央公園
2_夏,E4,キッザニア甲子園,施設,ららぽーと甲子園内にある、子供たちが様々な職業に挑戦できる大人気の職業体験型テーマパーク。消防士やパン職人など約100種類の仕事を本格的な設備で体験し、社会の仕組みを学べます。,約2/3のスケールで作られたリアルな街並みで子どもたちが大人になりきってお仕事体験ができる。,働いた給料として専用通貨「キッゾ」がもらえ買い物や銀行に預金まですることができる。,関西唯一のキッザニアで地元の阪神電車や食品メーカーなどの本格的なパビリオンが立ち並ぶ。,34.71703953,135.3640164,キッザニア甲子園,キッザニア甲子園,キッザニア甲子園
2_夏,E5,名塩蘭学塾跡,史跡,江戸時代後期に、緒方洪庵から蘭学を学んだ伊藤慎蔵が名塩地区に開いた私塾の跡。西洋の近代的な学問や医療が教えられ、地域の教育や文化の発展に貢献した歴史を伝える史跡です。,幕末の蘭学者・緒方洪庵の妻八重の生家（億川家）があった場所で名塩の歴史的深さを物語る。,名塩紙（和紙）の産地としても有名な名塩地区は江戸時代から文化や学問の交流があった。,緒方洪庵や適塾に関わる名塩の隠れた歴史スポット。,34.83016613,135.3006753,名塩蘭学塾跡,名塩蘭学塾跡,名塩蘭学塾跡
2_夏,E6,新西宮ヨットハーバー,施設,西宮浜の南端にある、西日本最大級の規模を誇るマリーナ施設。数多くのヨットやクルーザーが停泊する様子は海外リゾートのようで、海を眺めながら食事ができるレストランもあります。,1989年、サンフランシスコから西宮まで約137日をかけて帰港し、「世界最小ヨットによる太平洋単独横断」として話題になった。そのミニマーメイド号が飾られている,多数のヨットやクルーザーが係留されまるで海外のリゾート地にいるようなロマンチックな雰囲気。,センターハウス内にはレストランやショップがあり海を眺めながら食事を楽しむことができる。,34.71100694,135.3303918,新西宮ヨットハーバー,新西宮ヨットハーバー,新西宮ヨットハーバー
2_夏,E7,百間樋,史跡,1560年（永禄年間）に作られた水路。当時武庫川の対岸の村との水争いがあり、そのころに天井川の仁川の下をくぐって水路（樋）が作られ、その樋（水路）の長さから『百間樋』という名前になった。,名前の由来は、仁川の地下を通る木製の樋の長さが「百間（約180メートル）」あったことです。重機のない時代に、人力で約180メートルもの地下水路を掘り抜いたと伝えられています。,百間樋は単なる農業用水路ではありません。昭和39年から平成23年（1964年から2011年）までは、西宮市の水道水の原水としても利用され、市民の生活用水を支えていました。現在も「百間樋井組」によって維持管理が続けられています。,百間樋の水は最終的に百間樋川となって市街地を流れ、津門川へ合流します。甲武中学校の地下通路には百間樋の歴史を描いた壁画もあり、西宮の隠れた土木遺産として知られています。,34.77515598,135.3686281,百間樋,百間樋,百間樋
2_夏,F1,浜甲子園運動公園,公園,甲子園浜に隣接し、体育館や野球場などの本格的なスポーツ施設を備えた総合公園。広大な敷地には遊具広場や散策路もあり、スポーツを楽しむ人や家族連れの憩いの場となっています。,現在の浜甲子園運動公園周辺には、かつて「鳴尾球場」がありました。全国中等学校優勝野球大会（現在の全国高校野球選手権大会）は、第3回から第9回大会までこの鳴尾球場で開催されました。記念碑があります。,公園内に「奄美の森」という多数のソテツが植えられた場所がある。奄美市は西宮市の友好都市ですが、この森は友好都市提携以前から交流があったことを示す場所です。記念碑には1978年に寄贈されたことが刻まれています。一方、西宮市と奄美市の友好都市提携は1981年です。,1929年、この場所には「甲子園娯楽場」が開設され、後に「浜甲子園阪神パーク」となりました。動物園や水族館を備えた一大レジャー施設として賑わいましたが、1943年に戦争のため閉鎖され、海軍の飛行場用地として接収されました,34.71006508,135.3583287,浜甲子園運動公園,浜甲子園運動公園,浜甲子園運動公園
2_夏,F2,浜甲子園阪神パーク,史跡,昭和4年（1929年）に「甲子園娯楽場」として開業し、後に改称された一大レジャー施設です。動物園や水族館を併設し、当時日本一と言われた大水槽などが人気を集めました。しかし、昭和18年（1943年）に戦争のため閉鎖され、敷地一帯は海軍の飛行場として接収されるという数奇な運命を辿りました。,昭和10年（1935年）には専用プールが建設され、水族館としてはごく初期となるゴンドウクジラの飼育と簡単なショーが行われていました。現在、甲子園浜自然環境センターの西隣にある駐車場は、地元で今も「クジラ池駐車場」と呼ばれることがあります。,現在も甲子園浜の干潟を歩くと、コンクリートの残骸や「ライオン岩」と呼ばれる岩場を見つけることができます。これらはかつての浜甲子園阪神パークの建造物の基礎や装飾の名残であり、まるで海底遺跡のような不思議な光景を生み出しています。,海軍に接収された後、隣接する競馬場や運動場も含めて一帯が飛行場へと変貌しました。現在でも、潮が大きく引いた時には、かつての滑走路の跡だと言われる敷石状のコンクリートが海面から姿を現すことがあり、戦争の歴史を静かに伝えています。,34.70985506,135.3564281,浜甲子園阪神パーク,浜甲子園阪神パーク,浜甲子園阪神パーク
2_夏,F3,一本松地蔵尊,史跡・文学,西宮市平松町・常磐町のエリア、JR線路南側のマンボウトンネル近くの住宅街に佇むスポットです。谷崎潤一郎の名作小説『細雪』の下巻において、三女・雪子の恋人である「奥畑（通称：ケビン）」が住んでいた家の近くとして作中に登場し、文学ファンの間で聖地として親しまれています。,根元には「一本松地蔵尊」と刻まれた細長い石碑があり、これはかつて近くの用水路に架かっていた石橋の石材を転用したものと伝えられています。その傍らには西宮市の保護樹林に指定立派なクロ松（一本松）がそびえ立ち、往時の風景を今に伝えています。,松の根元にある石碑の上部には、江戸時代初期に出雲松江藩主を務めた「堀尾吉晴（茂助）」の家紋である「分銅型」の刻印が確認できます。この地域周辺の町名である「分銅町」という名前は、この歴史的な家紋の刻印に由来して名付けられたものです。,この石碑には「史蹟 往古武庫菟原郡界傳説地」とも記されており、かつてこの場所が古代の「武庫郡」と「菟原郡」の境界であったという伝説を伝えています。『細雪』の文学的背景だけでなく、豊臣期の大坂城築城にまつわる石の歴史や古代の郡界ロマンが凝縮された奥深い史跡です。,34.74085741616322,135.33692438961927,一本松地蔵尊,一本松地蔵尊,一本松地蔵尊
2_夏,F4,御前浜,自然,西宮砲台のすぐそばに広がる、松林と砂浜が美しい海浜公園。かつては白砂青松の美しい海岸として知られ、現在はウィンドサーフィンや水遊びを楽しむ人で賑わう開放的な海辺です。,御前浜には、西宮浜と御前浜を結ぶ、歩行者と自転車専用の珍しい可動橋（跳ね橋）がある。週末や祝日には、下を通過する船のために橋桁がダイナミックに跳ね上がる様子を見ることができ親しまれています。,野鳥の飛来地としても知られ、海辺の生き物観察や波打ち際の散歩など豊かな自然と触れ合えます。上空には、魚を狙う鳶(とんび)が飛来することもある。,幕末に勝海舟の勧めで作られた西宮砲台（国の史跡）が砂浜にそびえ立ち、歴史と自然が融合した景観が魅力。,34.72488645,135.3312528,御前浜,御前浜,御前浜
2_夏,F5,神呪寺,寺神社,甲山の中腹に位置し、「甲山大師」として親しまれる真言宗の古刹。空海が開創したと伝えられ、境内にある展望台からは西宮市内から大阪湾までを見渡すことができる絶景スポットです。,淳和天皇の妃・如意尼によって天長7（830）年に開かれたと伝わる大変歴史のある古刹。,本堂前の舞台（展望スペース）からは西宮市街や大阪平野・大阪湾が一望できる大パノラマ！,本尊の「如意輪観世音菩薩半跏像」は日本三如意輪の一つに数えられる国指定の重要文化財。,34.7730928,135.3298941,神呪寺,神呪寺,神呪寺
2_夏,F6,阪神甲子園球場(全国高等学校野球選手権大会),施設,阪神タイガースの本拠地であり、全国の高校球児たちが熱戦を繰り広げる「高校野球の聖地」。ツタに覆われた歴史ある外観と大観衆の熱気に包まれる、日本の野球文化の象徴的な施設です。,阪神タイガースの本拠地として知られていますが、かつてはアメリカンフットボールやコンサートなども開催されていました。野球場でありながら多目的スタジアムとしての歴史も持っています。,甲子園球場のグラウンドに敷かれる黒土は鹿児島県や岡山県などの土を独自配合したものです。選手が最高のプレーをできるよう、長年培われた職人技によって管理されています。,外壁を覆うツタは球場開設100周年事業（リニューアル）を経て大切に育て直されている。,34.72135797,135.3616571,阪神甲子園球場(全国高等学校野球選手権大会),阪神甲子園球場(全国高等学校野球選手権大会),阪神甲子園球場(全国高等学校野球選手権大会)
2_夏,F7,有馬川緑道,自然,山口町エリアを流れる有馬川の河川敷に沿って整備された、緑と水辺の潤いを感じられる散策路。春の桜や初夏のホタルなど四季の自然が美しく、地域の人々の健康づくりや憩いの場です。,西宮市北部の山口地区を流れる清流・有馬川に沿って整備された緑豊かな散策路。,初夏（5月下旬～6月上旬）には川沿いにホタル（ゲンジボタル）が舞う幻想的な風景が見られる！,毎年9月中旬から下旬にかけて、有馬川沿いに赤い彼岸花が帯のように咲き、秋の風物詩になっています。地元の方々が植栽活動を続けており、お彼岸の頃になると見事な景観が楽しめます。,34.82220313,135.2470656,有馬川緑道,有馬川緑道,有馬川緑道
2_夏,G1,住吉神社,寺神社,地域の鎮守として古くから信仰を集める神社。静かで厳かな境内には立派な木々が茂り、お祭りや初詣など季節の行事では地元の人々で賑わいます。,吉神社は、西宮の米穀商・當舎屋金兵衛が西宮港を守る防波堤建設の成功を願い、1805年に創建した神社です。港町・西宮の発展を支えた土木事業と信仰が結び付いた、歴史の生き証人ともいえる存在です,現在の社地は海辺に近い西波止町ですが、もともとはさらに浜先に祀られていました。明治2年に現在地へ遷座され、西宮港を見守る立地となりました。境内からは港や西宮大橋を望め、海との深い縁を感じられます。,西宮神社の境外末社である住吉神社は、海上運送や漁業の守護神として厚く信仰されてきました。江戸へ「下り酒」を積み出した西宮港の繁栄を陰で支えた存在で、境内には酒どころ西宮らしく酒樽も奉納されています。,34.72484534,135.3342662,住吉神社,住吉神社,住吉神社
2_夏,G2,傀儡師故跡,史跡・石碑,西宮神社のすぐ近く、産所町にひっそりと立つ石碑で、「えびす信仰」を全国に広めた「傀儡師（くぐつし）」たちがかつて居住していた跡地を示しています。彼らは首掛け式の箱を首から下げ、木偶（人形）を操りながら諸国を巡り歩いた芸能者であり、日本の伝統芸能のルーツの一つです。,傀儡師たちは、えびす神の神徳や福を招く物語を人形芝居（えびす舞）にして各地で披露し、同時にお札を配って歩きました。この地道な巡回興行活動が、西宮のローカルな神様であったえびす様を、全国の商人から信仰される「商売繁盛の神様」へと押し上げる最大の原動力となったのです。,彼らが操っていた人形芝居の技術は非常に高度なものであり、後に淡路島へと伝わって「淡路人形浄瑠璃」を生み出し、さらには大阪の「文楽（人形浄瑠璃）」へと発展していくことになります。つまり、この故跡は日本を代表する伝統芸能である文楽の歴史的な源流を示す重要な場所と言えます。,現在は石碑と案内板が残されているのみで当時の建物はありませんが、西宮神社における「百太夫神社」は彼ら傀儡師の祖神を祀ったものです。西宮の歴史を語る上で、単なる酒造りや神社の門前町としてだけでなく、全国規模の芸能と宗教のプロモーション拠点であったことを示す証左です。,34.73747955746595,135.3360306544434,傀儡師故跡,傀儡師故跡,傀儡師故跡
2_夏,G3,鳴尾浜ベイエリア,自然,鳴尾浜臨海公園や海釣り広場が集まる、海に面した開放的なエリア。潮風を感じながら海辺を散策したり芝生広場で過ごしたりと、都市部から離れてリフレッシュできる空間です。,2020年11月まで「リゾ鳴尾浜」という施設があった。温泉プール、フィットネスクラブ、レストランがあった。2028年から新しい施設「鳴尾浜リトリートパーク(仮)」がオープンする予定。,大阪湾を一望できるプロムナードがあり心地よい潮風を感じながら散策ができる。,かつて阪神タイガースの二軍本拠地（鳴尾浜球場）があり若手選手の育成の街としても親しまれた。,34.6931006,135.3591769,鳴尾浜ベイエリア,鳴尾浜ベイエリア,鳴尾浜ベイエリア
2_夏,G4,甲子園浜,自然,阪神間で唯一、自然の砂浜と干潟が残る貴重な海浜エリアで、国指定の鳥獣保護区。渡り鳥が飛来し、ウィンドサーフィンなどのメッカとしても知られる自然とアクティビティが共存するスポットです。,甲子園浜は、阪神間では貴重な自然海岸が残る場所です。1971年に全面埋め立て計画が持ち上がりましたが、住民による反対運動と訴訟の結果、計画が縮小され、約2キロにわたる砂浜と磯が守られました。『甲子園浜を守る ― イソガニは戦った』,今では野鳥観察の名所として知られる甲子園浜ですが、かつては関西有数の海水浴場でした。1925年に開設され、多くの海水浴客でにぎわいましたが、水質悪化により1965年に閉鎖されています。,ライオン像は、潮が引いたときだけ現れる“甲子園浜の海の遺跡”です。戦前の遊園地『浜甲子園阪神パーク』の名残で、浴場の湯口の装飾だったといわれています。,34.71149957,135.3551891,甲子園浜,甲子園浜,甲子園浜
2_夏,G5,西宮神社沖恵美酒神社,寺神社,えびす神社の総本社・西宮神社の境内に鎮座する末社で、別名「あらえびす」と呼ばれる神社。勝負事や商売繁盛に強いご利益があるとされ、本殿とともに多くの参拝者が訪れるパワースポットです。,この神社はもともと現在の荒戎町に鎮座していましたが、明治5年に西宮神社境内へ移されました。室町時代の史料には「西宮荒戎社鳴動」と記されており、600年以上前から霊験あらたかな神として信仰されていたことがうかがえます。,荒御魂（あらみたま）を祀ることから特に勝負運やスポーツの必勝祈願にご利益があるとされる。,毎年7月10日の例祭は「夏えびす」の中心行事です。正月の十日えびすからちょうど半年後にあたり、健康や必勝を願う参拝者が訪れます。夜には「あらえびす夜まつり」も開かれ、西宮の夏の風物詩として親しまれています。,34.73462675,135.3350345,西宮神社沖恵美酒神社,西宮神社沖恵美酒神社,西宮神社沖恵美酒神社
2_夏,G6,武庫川女子大学キャンパス,施設,鳴尾エリアに位置する、煉瓦造りの美しい学舎が立ち並ぶ広大なキャンパス。旧甲子園ホテルを活用した「甲子園会館」は、フランク・ロイド・ライトの愛弟子が設計した近代建築の傑作です。,上甲子園キャンパスにある「甲子園会館」は昭和初期の旧甲子園ホテルで東の帝国ホテルと並ぶ名建築！,建築家ライトの影響を受けたフランク・ロイド・ライト様式の美意識が宿る国の登録有形文化財。,鳴尾・甲子園エリアを中心に複数のキャンパスを展開し西宮の文教・学びの街を象徴する。,34.71730293,135.3745016,武庫川女子大学キャンパス,武庫川女子大学キャンパス,武庫川女子大学キャンパス
2_夏,G7,ゴール,コマ,ゴールポイントです。,うんちく1,うんちく2,うんちく3,34.73774786,135.3414305,ゴール,ゴール,ゴール
3_秋,A1,スタート,コマ,スタートポイントです。,うんちく1,うんちく2,うんちく3,34.73774786,135.3414305,スタート,スタート,スタート
3_秋,A2,大関関寿庵,商業施設,日本酒「大関」のアンテナショップ。しぼりたての生原酒の量り売りや、日本酒を使ったオリジナルスイーツが味わえる、お酒好きにはたまらない観光スポットです。,蔵元「大関」の直営店でここでしか味わえない「蔵出し生原酒」の量り売りがある！,吟醸酒を使った「酒饅頭」や「酒粕ソフトクリーム」などオリジナルスイーツが大人気。,魁蔵は大関が65年ぶりに新設したマイクロ酒蔵。伝統の丹波杜氏の技と若手の発想を融合させた挑戦の蔵。2026年から魁蔵の日本酒を販売。,34.72681423,135.3515887,大関関寿庵,大関関寿庵,大関関寿庵
3_秋,A3,満池谷層の植物遺体包含層,自然・史跡,西宮市の満池谷（ニテコ池周辺）に露出している、約数十万年前の更新世（氷河期時代）の植物化石が大量に含まれた地層です。当時の気候や植生、自然環境の変遷を解き明かす上で極めて学術的価値が高く、兵庫県の天然記念物にも指定されている重要な地質学的遺跡です。,この地層からは、現在よりも寒冷な気候帯に自生するトウヒやカラマツなどの針葉樹を中心とした、非常に保存状態の良い植物の葉や幹、種子の化石（遺体）が密集して発見されています。これにより、太古の西宮周辺が現在よりもかなり涼しい気候であったことが証明されました。,化石が発掘されたのは、大正時代に西宮の水道水源である越水浄水場やニテコ池の拡張工事が行われた際のことです。重機によって深く掘り下げられた地面から突如として太古の植物群が姿を現し、当時の地質学者たちの間で大きな話題となり、詳細な学術調査が行われました。,露出している地層を観察すると、泥や砂がミルフィーユのように重なり合った縞模様がはっきりと確認できます。これは、当時のこの場所が湖や湿地帯であり、周囲の森から流れ込んだ落ち葉や倒木が水底に少しずつ堆積してパックされたことを示す、大地の記録のタイムカプセルです。,34.75541985817231,135.33364242412122,満池谷層の植物遺体包含層,満池谷層の植物遺体包含層,満池谷層の植物遺体包含層
3_秋,A4,西宮神社(西宮酒ぐらルネサンスと食フェア),寺神社,毎年秋にえびす神社の総本社である西宮神社の境内で開催される日本酒と食のイベント。西宮の蔵元が勢揃いし、美味しい新酒や地元グルメを堪能できる活気あふれるお祭りです。,イベント名の「ルネサンス」には、酒蔵文化を次世代へ受け継ぎ、地域の伝統をよみがえらせるという思いが込められています。単なる試飲会ではなく、酒・食・歴史・文化を丸ごと体験できる“西宮らしさ”満載の催しとして親しまれています,新鮮な新酒や各蔵の自慢のお酒が一堂に会し新酒の鏡開きや試飲・販売で大賑わい。,横で呑むだけで、もう呑み友達になる。酒蔵ルネッサンスは、人と人が出会う酒都・西宮ならではの祝祭だ。,34.73569497,135.3346064,西宮神社(西宮酒ぐらルネサンスと食フェア),西宮神社(西宮酒ぐらルネサンスと食フェア),西宮神社(西宮酒ぐらルネサンスと食フェア)
3_秋,A5,名塩宿,史跡,かつて有馬温泉へ向かう人々で賑わった宿場町の面影を残すエリア。和紙の里としても知られ、江戸時代から続く古い街並みや歴史的建造物が点在し、レトロな散策が楽しめます。,江戸時代に京・大阪から有馬温泉へ向かう「有馬街道」の重要な宿場町として栄えた！,蘭学者・緒方洪庵の妻八重の出身地であり名塩紙（和紙）の生産地として全国に名を知られた。,現在も旧街道沿いには古い街並みや歴史的な建物・道標が残りノスタルジックな雰囲気を残す。,34.82997935,135.2990365,名塩宿,名塩宿,名塩宿
3_秋,A6,笹倉鉄平ちいさな絵画館,美術館,西宮市能登町にある、光と情景の画家として絶大な人気を誇る笹倉鉄平氏の作品を専門に展示する個人美術館です。閑静な住宅街の中に溶け込むように建つ洋館風の小さな建物で、彼が描くヨーロッパの街並みや温かい光の風景画を、落ち着いた空間でゆったりと鑑賞することができます。,この絵画館は、大規模な美術館のような常設展示ではなく、季節やテーマに合わせて定期的に展示作品を入れ替える企画展形式を採用しています。訪れるたびに異なる作品や光の表現に出会えるため、熱心なファンが全国から繰り返し足を運ぶ、小規模ながら非常に人気のある芸術スポットです。,「ちいさな絵画館」という名前の通り、友人の家に招かれたようなアットホームでくつろげる空間作りが徹底されています。館内では靴を脱いでスリッパに履き替え、ソファに座りながら笹倉鉄平の描く穏やかで幻想的な世界観にじっくりと没入できるよう、独自の鑑賞スタイルが提案されています。,笹倉鉄平氏は兵庫県の出身であり、長年にわたり関西を拠点に創作活動を行ってきた縁から、西宮のこの地に専門の絵画館が設立されました。ミュージアムショップも併設されており、版画や画集、ポストカードなど、彼の光あふれる作品を手元に残すためのグッズも充実しています。,34.751391918413944,135.3512549817939,笹倉鉄平ちいさな絵画館,笹倉鉄平ちいさな絵画館,笹倉鉄平ちいさな絵画館
3_秋,A7,白鹿記念酒造博物館,博物館,「白鹿」で知られる辰馬本家酒造が設立した、日本酒の歴史と文化を伝える博物館。昔の酒造りの道具や工程が分かりやすく展示されており、伝統的な酒造りの奥深さを学べます。,明治時代の酒蔵（明治蔵）を活かした「酒蔵館」で当時の酒造り道具や工程を間近で見学できる。,「記念館」では酒器や酒にまつわる絵画・古文書など貴重な文化財を展示。,酒造りの季節には館内に酒粕の甘い香りが漂い、見学後には美味しい日本酒の試飲も楽しめる（大人限定）。,34.72789778,135.337903,白鹿記念酒造博物館,白鹿記念酒造博物館,白鹿記念酒造博物館
3_秋,B1,具足塚古墳,史跡,西宮市内の住宅街にひっそりと残る、6世紀後半に作られたとされる円墳。出土品から武具が発見されたことが名前の由来で、古代の西宮の歴史を今に伝える貴重な遺跡です。,武具（具足）を埋めたという伝承から「具足塚（ぐそくづか）」の名がついたとされる。,古墳時代後期（6世紀）の円墳で横穴式石室の石材が一部露出している。,住宅街の中にぽっかりと浮かぶ緑の小丘として地域の歴史を今に伝える。,34.75218929,135.3438896,具足塚古墳,具足塚古墳,具足塚古墳
3_秋,B2,西宮能楽堂,文化施設,西宮市鳴尾町にある、伝統芸能である能楽の普及と継承を目的として設立された本格的な能楽堂です。総檜造りの美しい能舞台を備えており、定期的な能や狂言の公演はもちろんのこと、初心者向けの体験教室や解説付きの鑑賞会なども積極的に開催し、広く市民に開かれた文化施設として機能しています。,この能楽堂は、阪神間における能楽文化の新たな拠点として、能楽師である梅若基徳氏らの尽力により開設されました。敷居が高いと思われがちな能楽を現代の人々に身近に感じてもらうため、プロジェクションマッピングを用いた演出や、現代語の解説を交えた画期的な公演などにも挑戦しています。,舞台には樹齢数百年の貴重な木曽檜が惜しみなく使用されており、足袋ですり足を行う際の心地よい響きと、木が放つ独特の清々しい香りが空間全体を包み込みます。演者の息遣いや衣擦れの音まで聞こえるほどの客席との距離の近さが特徴で、非常に臨場感のある舞台芸術を堪能できます。,西宮にはかつて、えびす信仰を広めた「傀儡師」が存在した芸能の地としての歴史的土壌があります。西宮能楽堂は、そうした西宮の伝統芸能に対する文化的DNAを現代に受け継ぎ、地域に根ざした新しい文化の発信地として、能楽堂そのものがひとつの芸術作品のような役割を果たしています。,34.718690954266464,135.36976755295564,西宮能楽堂,西宮能楽堂,西宮能楽堂
3_秋,B3,ミズノスクエア,施設,阪神甲子園球場の外周にある、野球用品メーカーのミズノが手がけた広場。野球の歴史に触れられる記念碑などがあり、試合観戦の前後にファンが集い写真撮影を楽しむ定番スポットです。,阪神甲子園球場の外周（1塁側）に位置し試合開催時にはファンで熱気に包まれる。,ステージイベントやフードイベントが開催されタイガースファンが集う交流の広場。,"ベーブ・ルース来場記念碑,金本知憲連続試合出場記念碑,阪神タイガース創立50周年記念碑（吠える虎の像）が ある。",34.7220526,135.3605191,ミズノスクエア,ミズノスクエア,ミズノスクエア
3_秋,B4,甲子園阪神パーク,史跡,昭和25年（1950年）に現在の「ららぽーと甲子園」の場所へ移転して開業した、阪神電気鉄道が運営する遊園地です。戦後の娯楽の殿堂として多くの家族連れで賑わいました。しかし、レジャーの多様化やUSJの開業に伴う入園者の減少などにより、平成15年（2003年）3月をもって惜しまれつつ閉園しました。,この遊園地の最大の目玉は、ヒョウの父親とライオンの母親を異種交配させて生まれた珍獣「レオポン」でした。計5頭が誕生して海外からも大きな注目を集め、1985年に最後の1頭が死ぬまで、阪神パークのシンボルとして圧倒的な人気を誇りました。,冬場には敷地内の駐車場スペースを利用してオープンスケートリンクが営業され、多くのスケート客で賑わいました。また、園内には1975年に廃止された路面電車「阪神国道線」の車両が展示されており、スケート客の休憩所としても利用されていました。,阪神・淡路大震災（1995年）では園内に液状化現象が発生し、一時休業を余儀なくされました。その後、入園無料の「住宅遊園」としてリニューアルするなど存続を図りましたが閉園。跡地は2004年に大型商業施設「ららぽーと甲子園」へと生まれ変わりました。,34.71743084,135.3643982,甲子園阪神パーク,甲子園阪神パーク,甲子園阪神パーク
3_秋,B5,カトリック夙川教会,寺社・教会,西宮市の夙川沿いに建つ、ネオ・ゴシック様式の荘厳な外観が特徴のカトリック教会です。1932年（昭和7年）に建立され、高くそびえる尖塔と美しいステンドグラスを持つ聖堂は、夙川の桜並木や松林の景観と見事に調和しており、阪神間モダニズムを代表する歴史的建造物の一つです。,『沈黙』や『海と毒薬』などの名作で知られる日本を代表するカトリック作家・遠藤周作が、幼少期に洗礼を受けた教会として文学ファンの間でも非常に有名です。彼の初期の作品の中には、夙川の風景やこの教会をモデルにしたと思われる描写が散見され、文学的にも重要な聖地となっています。,聖堂内の窓を飾るステンドグラスは、自然光を通すと非常に神秘的な色彩を放ちます。また、内部には本格的なパイプオルガンが設置されており、厳かなミサの際には堂内に美しい音色が響き渡ります。外観だけでなく、内部の宗教空間としての静謐な美しさも高く評価されている名建築です。,戦前からの古い歴史を持つこの教会は、過去に大阪教区の臨時司教座聖堂（カテドラル）として機能していた時期もありました。現在でも西宮・阪神地区のカトリック信仰の重要な拠点としての役割を担っており、週末には多くの信者が祈りを捧げるために集まる生きた宗教施設です。,34.74148123781812,135.3252659952839,カトリック夙川教会,カトリック夙川教会,カトリック夙川教会
3_秋,B6,にしきた公園,公園,阪急西宮北口駅の目の前にあり、待ち合わせ場所として多くの市民に親しまれている公園。アニメ「涼宮ハルヒの憂鬱」の舞台としても有名で、全国からファンが訪れる聖地でもあります。,アニメ『涼宮ハルヒの憂鬱』の劇中に登場する集合場所のモデルとして全国的に有名！,一度撤去された時計塔がファンの力で復活した。,公園の地下では毎日、自転車が次々と吸い込まれる機械式駐輪場が稼働している,34.7464373,135.3562112,にしきた公園,にしきた公園,にしきた公園
3_秋,B7,越水城址,史跡,戦国時代に細川氏によって築かれた越水城の跡地。現在は住宅街や学校となっており遺構はほとんど残っていませんが、城跡を示す石碑が立ち、地域の歴史ロマンを感じさせます。,戦国時代に三好長慶が城主となり摂津国支配の拠点（三好氏の主城）とした重要なお城。,現在は住宅街の中に「越水城跡」の石碑が佇みかつての平山城の面影を伝えている。,西宮の歴史を語る上で欠かせない戦国時代の合戦や政治の舞台となった場所。,34.74564477,135.3368151,越水城址,越水城址,越水城址
3_秋,C1,北山緑化植物園,公園,甲山山麓の豊かな自然に囲まれた植物園。秋には園内の木々が鮮やかに紅葉し、バラや季節の花々とともに美しい景観を作り出します。温室や日本庭園もあり、四季折々の植物を楽しめます。,北山緑化植物園内にある数寄屋造りの趣ある北山山荘。秋には周囲の木々が美しく紅葉し、静寂な和の空間で抹茶を味わいながら見事な日本庭園と紅葉のコントラストを楽しめます。,北山山荘は1985年3月に市政60周年を記念し、故木村吉太郎氏の寄付を受けて建設が決定し、1987年3月に竣工しました。,北山緑化植物園には植物生産研究センターがあり、バイオ技術を活用した品種改良で西宮オリジナルの花や桜を生み出している。,34.76453751,135.3176894,北山緑化植物園,北山緑化植物園,北山緑化植物園
3_秋,C2,濱甲子園倶楽部会館,史跡・近代建築,西宮市の浜甲子園地区に建つ、昭和初期に建てられた歴史ある洋風建築の会館です。かつて阪神電鉄が開発した高級住宅地である「甲子園経営地」の住民たちの社交場（クラブハウス）として建設されました。当時の富裕層の優雅なライフスタイルや、阪神間モダニズムの華やかな文化を色濃く残す洋館です。,大正から昭和初期にかけて、西宮から芦屋にかけての沿岸部では、テニスや海水浴などのレジャーと結びついた西洋風の高級住宅地の開発が盛んに行われました。この会館は、そうした新興住宅街に移り住んだ文化人や実業家たちが、夜な夜なパーティーや文化的な交流を行うためのモダンなサロンとして機能しました。,建物の外観は、スパニッシュ・コロニアル様式などを取り入れたエキゾチックで瀟洒なデザインが特徴です。戦時中の空襲や戦後の混乱、そして阪神・淡路大震災という幾多の困難を乗り越えて現在まで奇跡的にその姿を留めており、甲子園エリアの近代都市開発の歴史を証言する生きた建築資料と言えます。,多くの近代建築が老朽化や再開発によって取り壊されていく中で、この会館は地域の自治会や住民たちの手によって大切に維持・管理され、現在でも地域の集会所として現役で使用されています。建物が単なる見世物ではなく、今も人々の生活の一部として愛され続けている点が最大の魅力です。,34.71404057292319,135.35598642411892,濱甲子園倶楽部会館,濱甲子園倶楽部会館,濱甲子園倶楽部会館
3_秋,C3,五ケ山古墳群,史跡,甲山の麓に点在する、古墳時代後期に作られた群集墳。緑豊かな自然の中に複数の古墳が残されており、古代の人々の生活や埋葬文化を身近に感じることができる歴史探索スポットです。,甲山南麓の丘陵地帯に築かれた5世紀～6世紀頃の複数の古墳からなる古墳群。,発掘調査では須恵器や鉄鏃（鉄製の矢じり）などが確認されています。これらは当時の生活や武装、埋葬習俗を知る手がかりとなっています。,この地域を治めていた豪族たちの勢力を物語る貴重な遺跡群。,34.77657836,135.341519,五ケ山古墳群,五ケ山古墳群,五ケ山古墳群
3_秋,C4,甲子園素盞嗚神社,寺神社,阪神甲子園球場に隣接し、阪神タイガースの選手やファンから「甲子園神社」として親しまれる神社。必勝祈願の絵馬が多数奉納されており、野球の聖地ならではの熱気を感じられます。,通称「タイガース神社」や「甲子園神社」と呼ばれ野球人やファンの聖地として親しまれる！,野球ボール型の絵馬やベース型の御守りなどユニークな授与品が大人気。,「甲子園球場の隣の神社」ではなく、「神社の裏に甲子園球場ができた」が正解。素盞嗚神社は球場よりはるか昔からこの地を見守る古社である,34.72082725,135.3602632,甲子園素盞嗚神社,甲子園素盞嗚神社,甲子園素盞嗚神社
3_秋,C5,鳴尾競馬場跡,史跡,鳴尾競馬場跡は、後の阪神競馬場のルーツとなった歴史スポットです。1907年の開設以来、多くの競馬ファンで賑わいましたが、戦時中は飛行場として利用されました。現在は学校や住宅地となり、往時の面影を静かに伝えています。,現在の阪神競馬場は宝塚市仁川にありますが、そのルーツは西宮の鳴尾競馬場です。1907年に開設され、後に阪神競馬場と改称。重賞レース「鳴尾記念」の名前にも、その歴史が受け継がれています。,鳴尾競馬場の場内には「鳴尾球場」があり、全国中等学校優勝野球大会（現在の夏の甲子園）が開催されていました。観客増加に対応するため新球場が建設され、それが甲子園球場誕生につながりました,1912年、鳴尾競馬場では日本初の本格的なオートバイレースとされる「自動自転車競走会」が開催されました。競馬だけでなく、モータースポーツ史においても重要な場所だったのです。,34.71034797,135.3640503,鳴尾競馬場跡,鳴尾競馬場跡,鳴尾競馬場跡
3_秋,C6,甲子園けやき散歩道,自然,甲子園筋から武庫川までの旧国道沿いに続く美しいけやき並木。沿道の商店会が中心となって清掃などの景観保全活動を行っており、西宮市の都市景観賞も受賞した風情ある散歩道となっている。,旧国道（国道43号線の北側）沿いに約1kmにわたって続く、西宮を代表する美しいケヤキ並木。,春の新緑、夏の深い緑、秋の紅葉、冬の枯れ木立と、四季折々で全く異なる美しい表情を見せてくれる。,沿道の商店街や住民が協力して清掃や景観保全を行っており、地域に愛される歩行者に優しいプロムナード。,34.72262649,135.3724595,甲子園けやき散歩道,甲子園けやき散歩道,甲子園けやき散歩道
3_秋,C7,瓦林城址,史跡,室町時代に瓦林氏によって築かれた城の跡。現在は日野神社の境内周辺となっており、目立った城の遺構は少ないものの、緑に囲まれた静かな環境の中に戦国時代の歴史の足跡が残されています。,室町時代から戦国時代にかけてこの地を治めた豪族・瓦林氏の居城跡。,現在の「日野神社」の境内周辺が城郭の中心部だったと考えられている。,瓦林城は1336年の古文書にも登場する、西宮屈指の中世城郭,34.7484728,135.3703376,瓦林城址,瓦林城址,瓦林城址
3_秋,D1,甲子園競輪場跡,史跡,甲子園競輪場跡は、現在の南甲子園の住宅地一帯に広がる旧競輪場跡です。1949年に鳴尾競輪場として開設され、後に甲子園競輪場へ改称。2002年に閉場し、現在はマンションや住宅地へと生まれ変わっています,1950年、判定への不満から観客が暴動を起こした「鳴尾事件」が発生。約250人が逮捕される大騒動となり、日本の競輪制度や運営体制の見直しにつながった歴史的事件として知られています。,甲子園競輪場は長年にわたり高い収益を上げ、西宮市など周辺自治体の貴重な財源となりました。しかし売上低迷や都市イメージとの兼ね合いから、2002年に53年の歴史へ幕を下ろしました。,廃止後は再開発され現在は、マンション群となり街が一変した。その名残が、今も街角に残るマスコット「キックル君」である。,34.71701626,135.3596877,甲子園競輪場跡,甲子園競輪場跡,甲子園競輪場跡
3_秋,D2,辰馬考古資料館,博物館,白鹿の辰馬家が収集した、銅鐸などの貴重な考古資料や美術品を展示する資料館。国の重要文化財も多数収蔵しており、静かな和風建築の中で古代日本の歴史や芸術にゆっくりと浸れます。,国宝に指定されている「桜ヶ丘出土銅鐸・銅戈」など貴重な考古学資料を多数所蔵！,清酒「白鹿」の辰馬家・辰馬悦之助氏の収集品をもとに昭和25（1950）年に開館した歴史ある資料館。,古代の青銅器や富本銭など日本の歴史を紐解く超一流の歴史資料が間近で見られる。,34.73517852,135.3285883,辰馬考古資料館,辰馬考古資料館,辰馬考古資料館
3_秋,D3,徳川大阪城東六甲採石場,史跡,江戸時代、徳川幕府が大坂城を再築する際に使われた巨大な石を切り出した採石場の跡。山中に残る巨石には当時の大名が刻んだ刻印が残っており、壮大な歴史のロマンを感じられます。,徳川幕府が大坂城を再建する際、石垣用の巨大な花崗岩を切り出した国の史跡！,山中には加工途中で残された矢穴（石を割る穴）がある「刻印石」や「残念石」が点在する。,全国の大名が競って石を切り出し西宮港から船で大坂城へ運んだという壮大な歴史。,34.76998798,135.339376,徳川大阪城東六甲採石場,徳川大阪城東六甲採石場,徳川大阪城東六甲採石場
3_秋,D4,老松古墳,史跡,住宅街の公園内に保存されている、6世紀後半に作られたとされる横穴式石室を持つ古墳。フェンス越しに内部の様子をうかがうことができ、古代の西宮の姿を今に伝える貴重な史跡です。,西宮市老松町の住宅街の中に保存されている古墳時代後期（6世紀）の円墳。,阪神・淡路大震災で石室の天井石がずり落ちた。また、2012年には史跡整備が完了している。,横穴式石室の痕跡が残り甲山南麓に広がる古代豪族の生活圏を今に伝える。,34.75266301,135.3130003,老松古墳,老松古墳,老松古墳
3_秋,D5,JR甲子園口ほんわか商店街,商業施設,JR甲子園口駅から南へ真っ直ぐ伸びる、活気あふれる地元密着型の商店街。飲食店や総菜屋など200店舗以上が軒を連ね、食べ歩きやローカルな買い物を楽しめる温かい雰囲気が魅力です。,かつては「甲子園口商店街」だったが公募により親しみやすい「ほんわか商店街」に改称された。,商店街の公式キャラクターは、お稲荷さんをモチーフにした狐のキャラクター「コウちゃん」,飲食店や老舗の専門店が立ち並び歩行者天国イベントなども開催される地元密着スポット。,34.73661472,135.3740861,JR甲子園口ほんわか商店街,JR甲子園口ほんわか商店街,JR甲子園口ほんわか商店街
3_秋,D6,湯山街道,史跡,かつて西宮から有馬温泉へと向かう湯治客や物資を運ぶ人々が行き交った歴史ある街道。名塩や山口町などに当時の宿場町や道標の面影が残り、古き良き時代を感じながら歴史散策を楽しめます。,かつて江戸時代に西宮港から有馬温泉（湯山）へと湯治客や物資を運んだ重要な街道。,沿道には道標や昔ながらの街並み・古い地名が残り歴史散策コースとして人気。,豊臣秀吉や多くの文人墨客もこのルートを通って有馬を目指したとされるロマン溢れる道。,34.80525013,135.2790143,湯山街道,湯山街道,湯山街道
3_秋,D7,東六甲展望台,施設,芦有ドライブウェイの途中にある、標高645mの展望台。眼下に西宮や大阪平野、大阪湾の大パノラマが広がり、秋の澄んだ空気の中では特に美しい夜景が楽しめる関西屈指のビュースポットです。,標高645mからの大パノラマは「日本夜景遺産」にも選定されている関西屈指の夜景スポット！,テレビドラマ『半沢直樹』などのロケ地としても使用され一躍有名になった。,天気が良ければ大阪湾一帯から関西国際空港・生駒山系まで見渡せるダイナミックな景観。,34.7808005,135.2890558,東六甲展望台,東六甲展望台,東六甲展望台
3_秋,E1,メタセコイアの並木(枝川町),自然,枝川町周辺の道路沿いに約400mにわたって続くメタセコイアの並木道。秋には木々がレンガ色に美しく紅葉し、まるで絵画のようなノスタルジックな風景の中をドライブや散策できます。,「生きている化石」と呼ばれるメタセコイアが整然と立ち並ぶ美しいストリート。,春の新緑の鮮やかなグリーンと秋から冬にかけての黄金色・レンガ色の紅葉が絶景！,住宅街の中にあり静かな散歩や写真撮影を楽しむ市民の隠れた癒やしスポット。,34.71088584,135.3641449,メタセコイアの並木(枝川町),メタセコイアの並木(枝川町),メタセコイアの並木(枝川町)
3_秋,E2,丸山城跡,史跡,西宮市北部の山口町にある、中世に築かれた山城の跡。標高約378mの丸山山頂に位置し、登山道を登ると土塁や堀切などの遺構が確認でき、戦国時代の面影と豊かな自然を同時に楽しめます。,標高378mの丸山山頂に位置し西宮から丹波方面への交通の要衝を監視していた山城。,戦国時代に有馬氏や別所氏などの武将が関わったとされる城砦の遺構。,"丸山城跡がある丸山は、山容が美しいことから「山口富士」とも呼ばれています。標高は378mで、富士山の町道10分の1になります。(富士山は、3,776 m)",34.82724697,135.2540065,丸山城跡,丸山城跡,丸山城跡
3_秋,E3,日本盛酒蔵通り煉瓦館,施設,日本酒「日本盛」が運営する、ガラス工房やレストランを併設した観光施設。しぼりたて生原酒の試飲販売のほか、美味しい和食や日本酒コスメの購入もでき、日本酒の魅力を満喫できます。,赤煉瓦のレトロでおしゃれな建物で日本盛の出来立て生原酒や限定酒が試飲できる！,敷地内には日本料理店「花さかり」やガラス工芸工房があり体験教室も開催。,醸造元ならではの化粧品（米ぬか美人に代表される日本酒コスメ）も充実。,34.73016888,135.3445725,日本盛酒蔵通り煉瓦館,日本盛酒蔵通り煉瓦館,日本盛酒蔵通り煉瓦館
3_秋,E4,アガペ大鶴美術館,美術館,医療法人が運営する、ヨーロッパの宮殿のような白亜の美しい外観が特徴の美術館。絵画や彫刻など多彩な芸術作品が展示されており、優雅な空間でゆったりとアート鑑賞を楽しめる穴場スポットです。,医療法人社団アガペ会によって設立された美術館で緑豊かな甲山麓に位置する。,西洋彫刻や象牙彫刻・絵画など多岐にわたるコレクションが静かな空間で鑑賞できる。,敷地内には四季折々の花が咲きゆったりとした時間を過ごせる隠れたアートスポット。,34.77686335,135.3226189,アガペ大鶴美術館,アガペ大鶴美術館,アガペ大鶴美術館
3_秋,E5,万代大澤醸造(徳若),施設,西宮の伝統的な酒造りの技を受け継ぐ、手造りにこだわる小さな蔵元。蔵元直売所でしか買えない限定酒「徳若」の原酒などを試飲・購入でき、日本酒通にはたまらない隠れた名店です。,西宮で最も規模が小さいながら全量をしぼりたて生原酒メインで手造りするこだわりの蔵元！,2005年に会社分割により大澤本家酒造と万代大澤醸造に分かれる。銘柄「寳娘」は大澤本家酒造、「徳若」は万代大澤醸造が継承。,直売所では蔵元でしか手に入らないプレミアムな生原酒を試飲・直売しており日本酒ファンに大人気。,34.72498607,135.3421958,万代大澤醸造(徳若),万代大澤醸造(徳若),万代大澤醸造(徳若)
3_秋,E6,今津六角堂,史跡,明治時代に建てられた、六角形の洋風建築が目を引くレトロな歴史的建造物。元々は小学校の校舎の一部として使われていたもので、現在は地域のシンボルとして大切に保存・公開されています。,明治6（1873）年に建てられた小学校校舎（旧今津小学校）で兵庫県内最古の擬洋風学校建築！,屋根の上に六角形の太鼓楼が乗っていることから「六角堂」の愛称で親しまれている。,昭和初期に解体の危機があったが市民の保存運動によって移築・保存された感動の歴史がある。,34.72632709,135.3524638,今津六角堂,今津六角堂,今津六角堂
3_秋,E7,ガベノ城,史跡,西宮市の高級住宅街・剣谷町の裏山からアプローチする、標高483mの山のピーク。城跡という確かな文献はないが、見晴らしの良いハイキングコースとして親しまれており、大阪湾までを一望できる。,市作成の地図に、この場所の名前が初めて記されたのは１９７９年で、その時は「ガクノ城」でした。８５年から「カベノ城」に変わっています,標高約483mの山頂からは西宮市街や大阪湾までを一望できる隠れた絶景ポイント！,ガベノ城は「城ではないかもしれないのに“城”と呼ばれ続けている謎スポット」,34.76896125,135.3042379,ガベノ城,ガベノ城,ガベノ城
3_秋,F1,白鹿クラシックス,施設,辰馬本家酒造が手掛ける、レストランとショップが融合した和モダンな施設。蔵元ならではの美味しいお酒とともに、四季折々の食材を使った本格的な日本料理を贅沢な空間で味わえます。,「白鹿」の辰馬本家酒造直営でおしゃれな空間で日本酒と和食のペアリングを楽しめる。,レストランでは蔵元ならではの「絞りたて生酒」や酒粕を使った特製鍋・御膳が味わえる。,併設のショップでは季節限定の日本酒や酒蔵スイーツ・おつまみが勢揃い！,34.72841173,135.3381436,白鹿クラシックス,白鹿クラシックス,白鹿クラシックス
3_秋,F2,酒ミュージアム,博物館,日本酒「白鹿」の歴史と文化を学べる体験型ミュージアム。酒造りの道具展示のほか、季節ごとの特別展も開催され、西宮の酒造りの伝統と職人の技に深く触れることができます。,日本で唯一の「酒」を専門テーマにした博物館で「酒蔵館」と「記念館」からなる。,昔ながらの木製酒造道具（市指定有形民俗文化財）や酒造り唄などをリアルに学べる！,敷地内には笹部新太郎氏ゆかりの桜「笹部桜」をはじめとする珍しい桜も植えられている。,34.7279444,135.3379076,酒ミュージアム,酒ミュージアム,酒ミュージアム
3_秋,F3,白鷹禄水苑,施設,伊勢神宮の御料酒にも選ばれる名酒「白鷹」の蔵元が運営する文化施設。伝統的な酒蔵の建物を再現しており、館内では日本酒の試飲販売や、蔵元の暮らしを伝える展示、和食レストランを楽しめます。,伊勢神宮の御料酒（神様にお供えするお酒）に唯一選ばれている「白鷹」の直営施設！,「蔵生酒BAR」では他では味わえない絞りたての生原酒をその場で堪能できる。,江戸時代の酒造家の暮らしを再現した展示室や落ち着いた日本庭園が美しい。,34.73065819,135.3388343,白鷹禄水苑,白鷹禄水苑,白鷹禄水苑
3_秋,F4,関西学院大学構内古墳,史跡,美しいキャンパスで知られる関西学院大学の敷地内に静かに残る古墳。教育施設の中に古代の遺跡が保存されているという珍しいスポットで、大学の近代的な建物と古代史が交差する不思議な空間です。,大学のキャンパス内に本物の古代古墳がそのまま保存されている珍しいスポット！間学生にもあまり知られていない。,6世紀後半（古墳時代後期）に造られた円墳で横穴式石室が確認されている。,大学建設時の発掘調査で須恵器や土器などの貴重な遺物が出土した。,34.77079642,135.3460466,関西学院大学構内古墳,関西学院大学構内古墳,関西学院大学構内古墳
3_秋,F5,阪急西宮車庫,施設,阪急西宮北口駅の近くにある、阪急電車の広大な車両基地。マルーンカラーの美しい車両がズラリと並ぶ様子は圧巻で、鉄道ファンや電車好きの子供たちにとってはフェンス越しに見学するのが楽しいスポットです。,阪急神戸線・今津線の車両がずらりと並ぶ広大な車両基地で鉄道ファンや子供に大人気！,かつて西宮北口駅にあった有名な「ダイヤモンドクロス（線路の平面交差）」の近くに位置する。,マルーン色の美しい阪急電車が洗車される様子や点検風景を敷地外から眺められる。,34.7476564,135.3624685,阪急西宮車庫,阪急西宮車庫,阪急西宮車庫
3_秋,F6,黒川古文化研究所,美術館,苦楽園の静かな住宅街にある、東洋の古美術品などを研究・展示する施設。刀剣や書画、青銅器など質の高いコレクションを所蔵し、春と秋の特別展でのみ一般公開される知る人ぞ知る美術館です。,実業家・黒川家が収集した刀剣や古鏡・中国書画など国宝や重要文化財を含む貴重なコレクション！,特に「伏見天皇宸翰宝珠形短冊」や名刀などの刀剣コレクションは全国のファンを魅了する。,苦楽園の高台に位置し春と秋の特別展の時期にのみ開館するプレミアムな美術館。,34.76249406,135.3092151,黒川古文化研究所,黒川古文化研究所,黒川古文化研究所
3_秋,F7,鷲林寺,寺神社,六甲山系の麓に位置する、空海が開いたと伝えられる真言宗の古刹。秋には境内の木々が鮮やかに紅葉し、静寂に包まれた山寺の趣と美しい自然が調和した、心洗われる紅葉の名所です。,天長8（831）年に弘法大師空海が開創したとされる六甲山麓の歴史ある古刹。,弘法大師（空海）が入山した際、大鷲（ソランジン）が現れて火炎を吹いて行く手を阻んだ,秋には境内一面が鮮やかな赤や黄色に染まり西宮市内でも指折りの紅葉の名所として賑わう。,34.77528176,135.3080917,鷲林寺,鷲林寺,鷲林寺
3_秋,G1,兜麓底績碑（とろくていせきひ）,史跡,廣田神社の境内にある、江戸時代初期に用水路を完成させた農民たちの功績を称える石碑です。寛永18年（1641年）の大旱魃を機に、広田・越水・中村の3村が協力して困難な用水路工事を行い、2年がかりで完成させました。その偉業を後世に伝えるため、明治28年（1895年）に農民たちによって建てられました。,"17世紀、社家郷の人々は慢性的な水不足に苦しんでいました。そこで仁川上流から水を引こうとしたのですが、下流側の村々は「自分たちの水が減る」として反対しました。
伝承によると、工事を妨害する人々が夜になると水路を壊しに来たため、廣田神社の神官だった 中村治部紋左衛門 の一族である中村家の人物が、般若面を付けて岩の上に現れました。暗闇の中でそれを見た人々は、
「天狗が出た！」
と慌てて逃げ帰ったといわれています。",用水路完成に大きく貢献した中心人物に「中村治部紋左衛門」という人物がいます。彼の多大な功績を讃え、毎年9月の第一土曜日には、この兜麓底績碑の前にて「中村治部紋左衛門の顕彰祭」が執り行われ、現在もその遺徳が偲ばれています。,碑の名前にある「兜麓底（とろくてい）」という言葉には特別な意味が込められていると思われますが、名称の正確な由来や語源については資料が見当たらず「わからない」のが現状です。しかし、郷土の歴史を伝える重要なモニュメントであることに間違いありません。,34.75298235,135.3409094,兜麓底績碑（とろくていせきひ）,兜麓底績碑（とろくていせきひ）,兜麓底績碑（とろくていせきひ）
3_秋,G2,越木岩神社,寺神社,境内にある周囲約40mの巨石「甑岩（こしきいわ）」を御神体として祀る神社。子授けや安産の神様として信仰を集め、豊かな緑と巨石が織りなす神秘的な雰囲気はパワースポットとして人気です。,周囲約40m・高さ約10mの巨大な天然の巨石「甑岩（こしきいわ）」が御神体！豊臣秀吉が大坂城築城の際に石垣として切り出そうとしたが祟りで断念したという伝説がある。,越木岩神社の境内周辺にヒメユズリハ群落が広がる、兵庫県の天然記念物にも指定されている貴重な原生林。豊かな緑に包まれた神聖な空気が漂い、自然の生命力とパワーを感じられる癒やしの空間です。,子孫繁栄や安産・女性の守護神として全国から多くの参拝者が訪れるパワースポット。,34.75851813,135.3221351,越木岩神社,越木岩神社,越木岩神社
3_秋,G3,武庫川線,交通,阪神電鉄の武庫川駅から武庫川団地前駅までを結ぶわずか1.7kmの短いローカル路線。元々は軍需工場への輸送用に作られ、現在はタイガースカラーの鮮やかなラッピング車両が走る地域密着の路線です。,本線から分岐して武庫川の土手沿いを走る、全4駅・乗車時間約5分の短いミニ路線。,走っている車両すべてが阪神タイガースの特別塗装（トラッキー柄など）になっており、ファンにはたまらない！,第二次世界大戦中に川西航空機（現・新明和工業）の工場へ従業員を運ぶために急遽建設された歴史を持つ。,34.70895371,135.3779803,武庫川線,武庫川線,武庫川線
3_秋,G4,公智神社,寺神社,山口町に鎮座し、木の神様を祀る古社。秋に行われる例祭では、だんじりが宮入りする勇壮な秋祭りが有名で、豊かな鎮守の森に囲まれた境内は地域の人々の信仰と憩いの場となっています。,延喜式神名帳にも記載されている平安時代以前からの歴史を持つ由緒ある式内社。,毎年10月の秋季例大祭では豪華な「だんじり（地車）」が境内に参入し大迫力！,承徳元年（1097年）の大洪水により旧社地から現在地へ遷座したとされています。,34.83234089,135.2368675,公智神社,公智神社,公智神社
3_秋,G5,大澤本家酒造(寳娘),施設,今津郷にある、「寳娘（たからむすめ）」の銘柄で知られる手造りの木造蔵。昔ながらの製法を守り続ける温かみのある酒蔵で、しぼりたての生原酒の量り売りなど直売ならではの買い物が楽しめます。,安政元（1854）年創業の伝統ある酒蔵で銘柄「寳娘（たからむすめ）」で知られる。,昔ながらの木製道具や手造りにこだわりじっくりと丹精込めた酒造りを続けている。,直売所では出来立ての生原酒の試飲や蔵元ならではの珍しいお酒を購入できる。,34.72506631,135.3420251,大澤本家酒造(寳娘),大澤本家酒造(寳娘),大澤本家酒造(寳娘)
3_秋,G6,山之井顕彰碑,史跡,段上町の貝之助墓地の一角に建つ、仁川からの用水確保に尽力した庄屋・松山五郎右衛門の功績を称える碑です。武庫川の渇水に悩んでいた段上・大市地区のため、文政年間に4年の歳月をかけて仁川の岸壁にトンネルを掘り、用水路（山之井）を完成させました。昭和56年（1981年）に建立された比較的新しい碑です。,庄屋の松山五郎右衛門は、単にトンネルを掘っただけでなく、水利権を巡る訴訟にも奔走しました。1824年に村を挙げて勝訴の祈願を行った満願の日に、ついに奉行所からの裁定が下り、仁川の利水権を正式に獲得したというドラマチックな歴史があります。,苦労して引かれた水路「山之井」は、その後も地域の農業と生活を支え続けました。現在でも山之井は西宮市上水道の重要な水源の一つとして機能しており、江戸時代の庄屋の執念と先見の明が、現代の市民の生活インフラにも直結しています。,碑は中津浜線から少し入ったフェンスの中にあり、文字が少し読みにくい状態になっています。近くには西宮の市の木であるクスノキの古木が並ぶ「くすのき通り」があり、閑静な住宅街の中で水と闘った先人たちの歴史をひっそりと伝えています。,34.7728439,135.3593785,山之井顕彰碑,山之井顕彰碑,山之井顕彰碑
3_秋,G7,ゴール,コマ,ゴールポイントです。,うんちく1,うんちく2,うんちく3,34.73774786,135.3414305,ゴール,ゴール,ゴール
4_冬,A1,スタート,コマ,スタートポイントです。,うんちく1,うんちく2,うんちく3,34.73774786,135.3414305,スタート,スタート,スタート
4_冬,A2,西宮神社大練塀,史跡,えびす宮総本社・西宮神社の境内を囲む全長247mの土塀。室町時代に作られた現存する日本最古の築地塀の一つで、国の重要文化財に指定されており、歴史の重みを感じさせる厳かな景観です。,土と瓦を交互に重ねて固めた強固な構造で全長約247mに及ぶ,日本三大練塀（西宮神社大練塀・三十三間堂太閤塀・熱田神宮信長塀）の一つ,阪神・淡路大震災の激震にも耐え抜いた室町時代の貴重な建築構造物,34.73479592,135.3360748,西宮神社大練塀,西宮神社大練塀,西宮神社大練塀
4_冬,A3,名塩八幡神社,寺神社,名塩地区の総鎮守として地域の人々に親しまれる神社。秋に行われる例大祭では、急坂を駆け上がる大迫力の「だんじり巡行」が有名で、静寂な境内には室町時代から続く名塩の歴史が息づいています。,毎年秋に行われる例大祭の「だんじり巡行」は急坂を駆け上がる迫力満点の行事,成人の日頃に行われる左義長（とんど）では、高さ5～6m級の円錐形のとんどが組まれます。名塩を代表する冬の風物詩です,境内には石造りの古い鳥居や燈籠が残り名塩の歴史を静かに物語る,34.82821717,135.3029045,名塩八幡神社,名塩八幡神社,名塩八幡神社
4_冬,A4,西宮神社(十日戎),寺神社,毎年1月9日から11日にかけて開催される、えびす神社の総本社である西宮神社のお祭り。商売繁盛を願う「福笹」を求める参拝客で大変賑わい、「福男選び」でも全国的に有名な冬の風物詩です。,1月10日早朝の「開門神事 福男選び」は全国ニュースで放映される名物行事,境内に捧げられる巨大な「大マグロ」に硬貨を貼り付けて金運祈願する風習がある,商売繁盛のお札「吉兆」や「福笹」を買い求める参拝客で境内は大熱気に包まれる,34.73586413,135.3346217,西宮神社(十日戎),西宮神社(十日戎),西宮神社(十日戎)
4_冬,A5,明徳寺,寺神社,名塩地区にある浄土真宗の古刹。蓮如上人が布教に訪れたと伝わり、名塩和紙の発展にも深く関わったとされる歴史あるお寺です。見晴らしの良い高台にあり、名塩の歴史を静かに見守っています。,本尊の木造阿弥陀如来立像は国指定重要文化財です。ヒノキの寄木造で、作風から鎌倉時代後半の作と考えられています。,阿弥陀如来像は、鎌倉仏師の名工快慶の作と伝えられていることで知られています。「伝快慶」,街の中にありながら静かな雰囲気が保たれており参拝者に癒やしを与える,34.82665392,135.2425683,明徳寺,明徳寺,明徳寺
4_冬,A6,西宮市立郷土資料館,博物館,西宮の歴史や文化、自然に関する貴重な資料を収集・展示する施設。古代の出土品や江戸時代の酒造りの歴史、宿場町としての面影など、西宮が歩んできた多彩な歴史をわかりやすく学ぶことができます。,平成25年の2月18日に歴史博物館として登録博物館になった。,国指定重要有形民俗文化財「西宮の酒造用具」や樽廻船の模型が展示されている,企画展や歴史講座・子ども向けの昔の暮らし体験イベントなども開催されている,34.73085602,135.3302443,西宮市立郷土資料館,西宮市立郷土資料館,西宮市立郷土資料館
4_冬,A7,兵庫県立芸術文化センター,施設,阪急西宮北口駅に直結する、本格的なクラシックコンサートや演劇、オペラが上演される西日本屈指の文化施設。美しいホールと多彩なプログラムが魅力で、冬の夜には優雅な芸術鑑賞を楽しめます。,芸術監督・佐渡裕氏のもとで毎年夏に上演されるプロデュースオペラは大人気,世界最高峰のアコースティック音響を誇る1800席の大ホールを擁する,阪神・淡路大震災からの「心の復興」のシンボルとして2005年に開館した,34.74368428,135.3559077,兵庫県立芸術文化センター,兵庫県立芸術文化センター,兵庫県立芸術文化センター
4_冬,B1,ひょうご西宮アイスアリーナ,スポーツ施設,西宮市鳴尾浜に位置する、一年を通じて氷上スポーツを楽しめる兵庫県内有数の屋内通年型アイススケートリンクです。メインリンクとサブリンクの2面を備えており、一般のレクリエーション滑走から、フィギュアスケートやアイスホッケーの本格的な競技大会や強化練習まで、幅広く利用されています。,西日本における氷上スポーツの振興と競技力向上の拠点として、国際規格に準拠した広大なメインリンク（60m×30m）を完備しています。そのため、オリンピック出場を目指すトップスケーターたちの練習拠点として使用されることもあり、関西のウィンタースポーツ界を支える重要なインフラです。,単なる競技施設ではなく、初心者や子供向けのスケート教室も頻繁に開催されており、市民の健康増進や冬のレジャー施設としても高い人気を誇ります。通年営業であるため、真夏の猛暑日であっても涼しい氷の上で快適にスケートを楽しむことができる、西宮のユニークな避暑スポットでもあります。,この施設は、民間資金を活用したPFI方式（またはそれに類する官民連携手法）を導入して建設・運営されており、公共施設の効率的な運営モデルとしても注目されています。鳴尾浜の海沿いという立地を活かし、周辺のスポーツ施設や公園と一体となった一大レクリエーションゾーンを形成しています。,34.69807595604561,135.3652263045596,ひょうご西宮アイスアリーナ,ひょうご西宮アイスアリーナ,ひょうご西宮アイスアリーナ
4_冬,B2,仁川百合野町地すべり資料館,博物館,阪神・淡路大震災による大規模な地すべりの爪痕と、その後の復旧工事や防災への取り組みを伝える資料館。自然災害の恐ろしさと命の尊さ、そして防災の重要性を後世に発信し続ける意義深い施設です。,震災時に発生した大規模な地すべり斜面をそのまま保存・展示している貴重な施設,地すべりの再現模型や映像を通して土砂災害の恐ろしさと防砂技術が学べる,隣接する「ゆりのガーデン」は、斜面のシバザクラは、2024年からハーブのタイムの一種に植え替えられた,34.77325443,135.3426824,仁川百合野町地すべり資料館,仁川百合野町地すべり資料館,仁川百合野町地すべり資料館
4_冬,B3,岡太神社,寺神社,兵庫医大の近くに鎮座し、鳴尾地域の氏神として古くから信仰を集める神社。平安時代に創建されたと伝わる由緒ある古社で、静かな境内は地域の人々の初詣や心の拠り所となっています。,「岡司宮（おかしのみや）」という別名があります。由来には複数説あり、そのひとつは祭礼で男性が女性の衣装を着て奉仕したため、「おかし（可笑しい）」と呼ばれたというものです,鳥居の前にいるのは狛犬ではなく猪の像です。かつて行われた「静止打（ししうち）」という祭礼にちなみ、猪が神の使いとされています。,境内には平清盛の長男・平重盛の供養塔と伝わる石塔もあります。源平好きには意外な見どころです。,34.72151791,135.3792429,岡太神社,岡太神社,岡太神社
4_冬,B4,上ヶ原八幡神社,寺神社,関西学院大学の第三フィールド野球場入口に面して鎮座する、閑静な神社です。寛文3年（1663年）、徳川家綱の命による廣田神社の改築に伴い、第二殿の八幡大神（応神天皇）を上ヶ原の里の鎮守神としてこの地に祀ったのが始まりです。,南側の入り口から階段を上がったところにある第二鳥居は、西宮市最古の鳥居として知られています。また、境内には愛宕神社、春日神社、稲荷神社、金毘羅神社といった多くの末社があり、多様な神様が祀られている興味深いパワースポットです。,境内の一角には「雄飛の碑」という石碑と「神風神社」の縁起を示す碑、さらにプロペラと錨が置かれています。これはかつて関西学院内にあった「西宮海軍航空隊神風神社」という隊内神社が、戦後にこの地へ遷座されたことを伝えています。,一番奥には「行者堂」と「庚申堂」があります。行者堂は役小角（えんのおづぬ）を祀っており、古くから農民の雨乞い信仰を集めてきました。雨乞いの際には、祈願のためにこの祠の中に「沢蟹」を入れるという、珍しい風習があったと伝えられています。,34.76817287,135.3432797,上ヶ原八幡神社,上ヶ原八幡神社,上ヶ原八幡神社
4_冬,B5,旧山本家住宅,史跡,昭和13（1938）年に結善町の郊外住宅地に建てられた、スパニッシュ風の洋館と数寄屋風の和館が見事に調和したモダニズム建築。国の登録有形文化財に指定されており、事前予約制で見学ができる。,設計を手掛けたのは建築家・茶室研究家の岡田孝男。近代建築の巨匠・武田五一の弟子で、西洋建築と日本の茶室文化を融合させた設計で知られています。,スパニッシュ風の洋館と伝統的な数寄屋風和館が見事に調和した建築様式,国の登録有形文化財に指定され甲子園エリアの近代建築遺産として保存されている,34.74713126,135.3311563,旧山本家住宅,旧山本家住宅,旧山本家住宅
4_冬,B6,みやっこキッズダム,公園,西宮浜総合公園内にある、お城をモチーフにした巨大なアスレチック遊具が特徴の公園エリア。週末には多くの子供たちで賑わい、潮風を感じながら家族で一日中アクティブに遊べる人気のレジャースポットです。,広さは、テニスコート約30面分相当。(子どもが走り回れる広い芝生と大型遊具エリアを含む規模),中世のお城「キッズダム」をイメージした大型複合遊具で子供たちに大人気,公園内にはスケートボード場や3x3バスケットコートなどのスポーツ施設も隣接している,34.717382,135.3262746,みやっこキッズダム,みやっこキッズダム,みやっこキッズダム
4_冬,B7,宮水発祥之地碑,史跡,日本酒造りに欠かせない名水「宮水」の発見を記念して建てられた石碑。西宮の酒造業を飛躍的に発展させたこの名水は今も大切に保全されており、灘五郷の繁栄を支えた歴史を静かに伝えています。,灘五郷の酒造りを支える宮水はリンやカリウムが多く鉄分が少ない酒造りに最適な湧水,櫻正宗の創業者・山邑太左衛門が西宮の宮水で醸した酒が他より格段に美味であることから発見された,阪神高速3号神戸線は、宮水の地下水脈（伏流水）を守るため、宮水地帯では橋脚の間隔を通常より広くして建設されています。,34.73224254,135.3402473,宮水発祥之地碑,宮水発祥之地碑,宮水発祥之地碑
4_冬,C1,名塩和紙学習館,博物館,江戸時代から続く伝統工芸「名塩和紙」の歴史と技術を伝える体験型学習施設。雁皮を原料とし泥を混ぜる独特の製法を学び、実際に自分だけの和紙を作る紙すき体験も楽しめる人気のスポットです。,泥土を混ぜることで、防虫性・耐熱性が高まり、シミや変色も起こりにくくなります。そのため藩札や文化財修復、襖紙など長期保存が必要な用途に重宝されました,名塩和紙の工程や材料となる泥土（名塩泥）についての詳しい展示がある,名塩和紙は、雁皮に泥を混ぜてすく独自の技法で、江戸時代から伝わる和紙づくりの伝統文化。変色や虫食いに強く、藩札や金箔打ち紙として重宝された、西宮が誇る重要な無形文化遺産です。,34.83037614,135.2983118,名塩和紙学習館,名塩和紙学習館,名塩和紙学習館
4_冬,C2,津門神社,寺神社,津門地区の鎮守として古くから信仰を集める神社。閑静な住宅街の中にありながら緑豊かな木々に囲まれ、初詣や季節の行事には地元の人々が多数訪れる、地域に密着した穏やかなパワースポットです。,901年、太宰府へ左遷される途中の菅原道真が、この地の祠で休息したという伝承が残っています。現在の津門神社は、その祠を起源とするともいわれています。,境内には樹齢を重ねた巨木が生い茂り地域の緑のオアシスとなっている,津門神社と彫られている石は、大塚古墳から発見された古墳の蓋石と言われている,34.73547017,135.3488036,津門神社,津門神社,津門神社
4_冬,C3,今津灯台,史跡,江戸時代に酒造家によって今津港に建てられた木造の灯台。現役の航路標識としては日本最古と言われ、夜には海を照らす明かりが灯り、かつての港町の面影を残す西宮の貴重なシンボルとして親しまれています。,文化7（1810）年に樽回船の安全航行のために設置された現役の木造航路標識,今津郷の酒造家である長部家（大関酒造の祖）によって建てられた灯台,航路標識として海上保安庁から認定を受けており今も夜間に赤色の光を灯している。以前は港の右岸にあったので緑色でした。,34.71959847,135.3450494,今津灯台,今津灯台,今津灯台
4_冬,C4,神戸女学院大学ヴォーリズ建築群,史跡,ウィリアム・メレル・ヴォーリズの設計による、スパニッシュ・ミッション・スタイルの美しい学舎群。国の重要文化財に指定されており、調和のとれた異国情緒あふれるキャンパス景観は一見の価値があります。,キャンパス内の12棟の建物が国の重要文化財に指定されている,屋根瓦の配色や小鳥の意匠など繊細で温かみのあるデザインが特徴,阪神・淡路大震災でも倒壊を免れ震災を乗り越えた名建築として賞賛された,34.75929078,135.3507304,神戸女学院大学ヴォーリズ建築群,神戸女学院大学ヴォーリズ建築群,神戸女学院大学ヴォーリズ建築群
4_冬,C5,木ノ元地蔵,寺神社,木之元町にある、古くから地域の人々に厚く信仰されているお地蔵様。「木ノ元のお地蔵さん」として親しまれ、小さな祠に安置されており、今も絶えることなくお供え物が絶えない温かい祈りの場です。,伝承によると、聖徳太子が国家鎮護を願って一本の木から3体の地蔵尊を刻み、3か所に安置しました。そのうちの1体が西宮・名塩の木ノ元地蔵です。残る2体は紀伊の木ノ本、近江の木之本にあると伝えられています。,「木ノ元」の地名に由来し古くから旅人や地元の人々の安全を見守ってきた,火災から救われたことや火事除けの伝説から、木ノ元地蔵は「火伏地蔵」として信仰されてきました。火難除けを願う人々の信仰を集めています。,34.8240354,135.316417,木ノ元地蔵,木ノ元地蔵,木ノ元地蔵
4_冬,C6,山口郷土資料館,博物館,西宮市北部の山口町にある、地域の歴史や文化を伝える資料館。宿場町として栄えた有馬街道の歴史や、昔の農具、生活用品などが展示されており、北部の豊かな風土と歩みを身近に感じることができます。,山口地区の農村生活や伝統行事に関する貴重な民俗資料が多数保存されている,有馬街道の宿場町として栄えた山口地区の歴史的背景を深く学ぶことができる,地元ボランティアによるガイドや体験学習イベントなども開催されている,34.82807019,135.2441852,山口郷土資料館,山口郷土資料館,山口郷土資料館
4_冬,C7,旧辰馬喜十郎邸,史跡,辰馬本家（白鹿）の分家である辰馬喜十郎の旧邸宅。明治時代に建てられた貴重な擬洋風建築で、西宮の酒造業の繁栄と当時のモダンな生活様式を今に伝える美しい歴史的建造物です（外観のみ見学可）。,明治22（1889）年に建てられた兵庫県下でも屈指の初期洋風住宅建築,擬洋風建築の特徴である寄棟造りの屋根とベランダを持つ独特のデザイン,県指定有形文化財であり西宮の酒造家たちの歴史と富裕な暮らしぶりを伝える,34.72789315,135.3374061,旧辰馬喜十郎邸,旧辰馬喜十郎邸,旧辰馬喜十郎邸
4_冬,D1,浄橋寺,寺神社,生瀬地区の武庫川沿いに位置する浄土宗の寺院。かつて有馬温泉へと向かう旅人たちが安全を祈願したお寺であり、歴史ある有馬街道の面影と静かで趣深い雰囲気を味わうことができます。,南北朝時代の武将・赤松則村（円心）ゆかりの寺院として知られる,証空上人が山賊を改心させ、武庫川に浄橋を架けさせて橋銭で生計を立てさせた,初夏には緑が美しく秋には隠れた紅葉的名所として静かに親しまれている,34.81837207,135.3299251,浄橋寺,浄橋寺,浄橋寺
4_冬,D2,鳴尾義民碑,史跡,北郷公園（八ツ松公園）内にある、天正13年（1585年）の水争いで犠牲になった鳴尾村の農民を供養する碑です。大旱魃の際、隣接する瓦林村から無断で取水したため、多くの村人が処刑されました。命がけで村の田畑を救おうとした農民たちの水への思いを後世に伝えるため、昭和15年に建立されました。,甲子園筋を挟んで、西側にある「新川」に取水口の跡が「西宮市文化財 鳴尾北郷義民 樋門跡」として現在でも残っています。,この水争い事件は「天正北郷樋事件」と呼ばれ、騒動は豊臣秀吉の奉行衆（前田玄以、長束正家、増田長盛ら）によって裁かれました。取調べの結果、鳴尾村の水利権が認められ、その時の裁許状は現在も西宮市指定文化財として残されています。,密かに水を引くために暗渠（トンネル）として使われた楠の材木は、大正時代になってから掘り出されました。その後、太平洋戦争末期に防空壕の資材として再利用されましたが、残念ながら空襲によって焼失してしまったと伝えられています。,34.72971026,135.3679226,鳴尾義民碑,鳴尾義民碑,鳴尾義民碑
4_冬,D3,谷徳製紙所,史跡,名塩和紙の伝統的な手すき技術を現代まで受け継いできた歴史ある製紙所。泥を混ぜる独特の製法で作られる名塩雁皮紙の伝統を守り続け、職人の技と和紙文化の奥深さを伝える貴重な施設です。,名塩和紙は泥（名塩泥）を混ぜ込むことで燃えにくく虫がつきにくい特徴を持つ,江戸時代には藩札や金箔打紙として重宝され全国的に高値で取引された,西宮市名塩地区に約400年にわたって伝わる和紙づくりの技術を受け継いでいます。特に「泥入り雁皮紙（がんぴし）」の製作で知られています。,34.82850997,135.2995787,谷徳製紙所,谷徳製紙所,谷徳製紙所
4_冬,D4,門戸厄神東光寺,寺神社,日本三大厄神の一つとして知られ、毎年1月の厄除大祭には全国から数十万人の参拝者が訪れるお寺。厄年のお祓いや祈願の場として、地元のみならず広く信仰を集める冬の西宮の象徴的スポットです。,毎年1月18日・19日の「厄除大大祭」には全国から数十万人の参拝客が訪れる,弘法大師空海が嵯峨天皇の厄払いのために尊像を刻んだという伝説が残る,境内には「男厄坂（42段）」「女厄坂（33段）」の階段があり一歩一歩登って厄を払う,34.76128787,135.3536345,門戸厄神東光寺,門戸厄神東光寺,門戸厄神東光寺
4_冬,D5,アクタ西宮,商業施設,阪急西宮北口駅の北側に直結する、ショッピングからグルメまで多彩な店舗が集まる大型商業施設。図書館などの公共施設も入っており、雨や寒い冬の日でも快適に買い物や用事が済ませられる便利なスポットです。,阪神・淡路大震災後の西宮北口駅北東地区再開発事業によって2001年に誕生した,「活気ある街＝Active Town」を目指す願いを込めて名付けられました。,ACTA西宮は、震災後の仮設商店街ポンテリカに代わって整備された複合商業施設である。,34.74726847,135.3572937,アクタ西宮,アクタ西宮,アクタ西宮
4_冬,D6,善照寺,寺神社,阪神西宮駅の近くに位置する、浄土真宗本願寺派の歴史ある寺院。静かな境内は街の喧騒から離れた落ち着いた空間で、地域の人々の信仰の場として古くから親しまれています。,地域の人々の心の拠り所として長年親しまれてきた浄土真宗のお寺,落ち着いた雰囲気の境内では四季折々の季節の移ろいを感じることができる,周辺の古い街並みとともに西宮の歴史的景観の一部を形成している,34.80586728,135.2802931,善照寺,善照寺,善照寺
4_冬,D7,銭塚地蔵尊,寺神社,山口町の下山口墓地前にある、16世紀後半に作られたとされるお地蔵様。妻が垣根の修繕のために子どもに穴を掘らせたところ大量の銭が出てきたという伝承があり、商売繁盛や金運のパワースポット。,伝承によると、有馬郡山口村で、子どもたちが大量の銭を掘り当てました。しかし母親は「いわれのない財を得てはいけない」として埋め戻させたといいます。後に立派に成長した子どもたちが、その場所に地蔵尊を建てました。,銭塚地蔵は金運スポットとして語られることがありますが、もともとの伝承は「拾ったお金を返す」「子どもへの徳育」が主題です。江戸時代から“清廉潔白の教え”を伝える地蔵尊として知られてきました,浅草寺の銭塚地蔵堂は、西宮市山口町の銭塚地蔵尊を勧請したもので、商売繁盛の信仰を伝えている,34.83125241,135.2417977,銭塚地蔵尊,銭塚地蔵尊,銭塚地蔵尊
4_冬,E1,甲山四国八十八箇所,史跡・寺社,西宮市のシンボルである甲山の山麓から中腹にかけて整備された、四国八十八箇所霊場を模した巡礼コースです。江戸時代に神呪寺の住職が四国の霊場から砂を持ち帰り、各札所に埋めて石仏を安置したのが始まりとされ、手軽にお遍路の功徳を得られる信仰の道として親しまれています。,コースに沿って、四国八十八箇所と同じ順番で番号が振られた弘法大師（空海）などの石仏が次々と現れます。全行程を歩いても数時間程度で巡ることができる手頃なハイキングコースとしても整備されており、信仰目的だけでなく健康づくりのために歩く地元住民も多く見られます。,この巡礼道が整備された江戸時代後期は、庶民の間で四国遍路や伊勢参りなどの巡礼がブームとなっていました。しかし実際に四国まで足を運ぶことは困難を極めたため、地元で同じご利益を得られる「写し霊場」として作られ、阪神間から多くの参拝者を集めることになりました。,西宮市内にはここだけでなく、門戸厄神（東光寺）の境内に並ぶ石仏群や、鷲林寺にある各札所の砂を踏んで巡る弘法大師像など、四国に行かずともお遍路の功徳を得られる「ミニ四国八十八ヶ所」が複数存在し、地域に根付く信仰の深さがうかがえます。,34.77081902528043,135.33171215295854,甲山四国八十八箇所,甲山四国八十八箇所,甲山四国八十八箇所
4_冬,E2,熊野神社,寺神社,甲子園口駅や西宮北口駅の周辺である熊野町・高木東町などに鎮座する神社。古くから地域の鎮守として崇敬を集め、紀州熊野那智大社からの御分霊をお祀りする地域の静かな心の拠り所。,紀州の熊野三山から勧請されたと伝えられ古くから地域の人々に崇敬されている,和算の祖・毛利重能を祀る算学神社があり、数学・学問成就の信仰を集めている,毎年秋には秋季例大祭が執り行われ地元の伝統行事として賑わう,34.74411721,135.3730394,熊野神社,熊野神社,熊野神社
4_冬,E3,日野神社,寺神社,瓦林城の跡地に建つ、深い緑の樹林に囲まれた厳かな神社。市街地にありながら、境内に入ると空気が変わるような静寂に包まれ、中世の歴史ロマンと豊かな自然を感じられる癒やしの空間です。,境内を包む「日野神社社叢」は西宮市の天然記念物に指定されている,シイやカシなどの巨木が鬱蒼と茂り市街地に残された貴重な原始林の面影を残す,かつて境内には樹齢250年を超えるとされる霧島ツツジが数多くあり、その見事さから「霧島の宮」という愛称で親しまれていました。,34.74938215,135.3703171,日野神社,日野神社,日野神社
4_冬,E4,にしきた商店街,商業施設,阪急西宮北口駅の北西に広がる、飲食店やカフェ、個性豊かなショップが立ち並ぶ活気ある商店街。アニメ「涼宮ハルヒの憂鬱」の舞台としても知られ、地元客だけでなく全国からのファンで賑わいます。,アニメ『涼宮ハルヒの憂鬱』の劇中に登場する駅前広場（旧北口駅前公園）があるエリア,かつて阪急神戸線と今津線が平面交差していた全国的にも珍しい「ダイヤモンドクロス」の歴史がある,映画『にしきたショパン』は、西宮北口にゆかりのある小説『マスター先生』を原作としている。,34.74674575,135.3561398,にしきた商店街,にしきた商店街,にしきた商店街
4_冬,E5,旧鳴尾競馬場本館（貴賓館）,史跡・近代建築,昭和初期に西宮市の鳴尾地区に存在した「鳴尾競馬場」の観客席スタンドの遺構です。現在は武庫川女子大学の附属中学校・高校のキャンパス内に保存されており、モダンなデザインのアーチ型屋根を持つこの鉄筋コンクリート造りの建造物は、関西における競馬の黄金期を物語る貴重な近代建築です。,鳴尾競馬場は、かつて日本最大級の規模を誇る大競馬場であり、数々の名馬がドラマチックなレースを繰り広げた場所でした。大正から昭和初期にかけて、阪神間モダニズム文化の一部として多くの観客を熱狂させましたが、戦争激化に伴い海軍の飛行場として接収され、競馬場としての歴史に幕を下ろしました。,現在キャンパス内に残されているスタンドは、戦後に軍の施設から学校の校舎へと劇的な転用を遂げたという非常に数奇な運命を辿っています。かつて競馬ファンが身を乗り出してレースに熱狂したひな壇状の観客席の一部が、現在では学生たちの学びの場や中庭の構造物として平和的に活用されています。,著名な建築家が設計に関与したとされるこのスタンドは、優美な曲線を描く庇（ひさし）や重厚な柱の構造などに当時の最先端の建築デザインが見て取れます。現在も学校施設の一部として機能しているため一般公開は制限されていますが、近代スポーツ施設建築の現存例として極めて高い歴史的価値を持っています。,34.71300698958726,135.3643404816826,旧鳴尾競馬場本館（貴賓館）,旧鳴尾競馬場本館（貴賓館）,旧鳴尾競馬場本館（貴賓館）
4_冬,E6,西宮市環境学習サポートセンター,施設,環境問題について市民が楽しく学べる体験型の学習施設。ごみの減量や自然保護の取り組みなどの展示があり、子どもから大人まで持続可能な社会づくりの大切さを身近に学ぶことができます。,阪急西宮北口駅近くのアクタ西宮西館内に位置し気軽に立ち寄れる,ミニ講座やワークショップが定期開催されエコライフの知識が身につく,西宮市の「E-do net（環境学習ネットワーク）」の活動拠点となっている,34.74787587,135.3555428,西宮市環境学習サポートセンター,西宮市環境学習サポートセンター,西宮市環境学習サポートセンター
4_冬,E7,ハルヒ坂,施設,大ヒットアニメ「涼宮ハルヒの憂鬱」で、主人公たちが通う県立北高校への通学路のモデルとなった急な坂道。眼下に西宮の街並みが広がる絶景スポットであり、現在も多くのファンが訪れる「聖地」です。,最急勾配は約17%で自転車を押して登るのも一苦労な激坂,作中の日付である「12月18日」の未明には全国からファンが集まる,坂の頂上付近からは西宮の街並みや大阪湾を一望できる隠れた夜景スポット,34.76178428,135.3135287,ハルヒ坂,ハルヒ坂,ハルヒ坂
4_冬,F1,蛭児大神御輿屋傳説地,史跡,西宮神社の主祭神であるえびす様（蛭児大神）が、海から西宮に上陸した際に休息したとされる伝説が残る史跡。えびす信仰の起源にまつわる神聖な場所として、歴史のロマンを感じさせます。,えびす様が鳴尾の浜に漂着し西宮神社へ向かう途中に休憩された場所とされる,毎年7月の「おこしや祭り」では神輿がここへ巡行し枇杷（ビワ）をお供えする,地元では「ビワ祭り」とも呼ばれ初夏の風物詩として親しまれている,34.73396681,135.3391654,蛭児大神御輿屋傳説地,蛭児大神御輿屋傳説地,蛭児大神御輿屋傳説地
4_冬,F2,西宮市民会館,施設,「アミティ・ベイコムホール」の愛称で親しまれ、コンサートや演劇、成人式などの式典が開催される市民の文化拠点。阪神西宮駅からのアクセスも良く、多彩なイベントを通じて多くの人が集う施設です。,西宮市役所に隣接しており市民の集いや文化イベントの定番会場,大ホール（アミティホール）は客席数約1200席を誇り多目的に使用される,会議室や集会室も充実しており地域のサークル活動や講演会にも大活躍,34.73707276,135.3415589,西宮市民会館,西宮市民会館,西宮市民会館
4_冬,F3,堀江オルゴール博物館,博物館,苦楽園の閑静な住宅街にある、希少なアンティークオルゴールや自動演奏楽器を多数収蔵する博物館。館内ではスタッフによる解説付きの演奏実演が行われ、100年前の美しい音色に包まれる優雅な時間を過ごせます。,苦楽園の高台にあり高級住宅街の静かな環境の中でオルゴールの音色を楽しめる,この博物館は見学だけでなく、実際の演奏を含めて鑑賞するスタイルが特徴です。オルゴールは本来“鳴ってこそ価値がわかる楽器”であり、生演奏を重視しています。,専門の学芸員による解説付きの演奏実演ツアー（事前予約制）が実施されている,34.75678279,135.3095352,堀江オルゴール博物館,堀江オルゴール博物館,堀江オルゴール博物館
4_冬,F4,教行寺,寺神社,名塩地区にある浄土真宗の歴史ある寺院。蓮如上人が開基したと伝えられ、名塩和紙の発展にも大きく貢献したお寺で、静かな境内には地域の豊かな歴史と文化の息遣いが残されています。,室町時代から続く由緒ある寺院で地域住民の信仰を集めてきた,境内には見事な山門や歴史を感じさせる本堂があり静寂な雰囲気が漂う,教行寺には、上中啓三がアドレナリンの実験について記したノートが所蔵されている,34.83080711,135.3014984,教行寺,教行寺,教行寺
4_冬,F5,西宮市民ギャラリー,美術館,西宮市民の芸術文化の発表の場として親しまれているアートギャラリー。絵画や写真、書道など、地元で活動する人々の多彩な作品展が随時開催されており、市民の創作活動に触れることができます。,1980年に開館し西宮市の美術展覧会「市展」の会場としても長年愛されている,大小さまざまな展示室があり個人展から大規模な公募展まで対応している,併設のカフェやロビーでアート鑑賞の合間にゆったりと休憩ができる,34.73102187,135.3300891,西宮市民ギャラリー,西宮市民ギャラリー,西宮市民ギャラリー
4_冬,F6,震災記念碑,史跡,阪神・淡路大震災の犠牲者を追悼し、震災の記憶と教訓を後世に伝えるために市内各所に建てられた記念碑。防災への誓いを新たにし、命の尊さや平和を静かに見つめ直すための大切なシンボルです。,西宮市内には阪神・淡路大震災の犠牲者を悼む記念碑が複数の公園や施設に設置されている。,津門川公園にあるモニュメントには、震災の発生時刻である「5時46分」を指したまま止まった時計が刻まれている。,毎年1月17日には碑の前に多くの市民が集まり、ろうそくに灯りをともして祈りを捧げる追悼行事が行われる。,34.75180809,135.3350263,震災記念碑,震災記念碑,震災記念碑
4_冬,F7,有馬街道,史跡,かつて西宮から有馬温泉へと向かう湯治客や物資を運ぶ人々が行き交った歴史ある街道。山口町や生瀬地区に道標や古い街並みの面影が残り、古き良き時代を感じながらの歴史散策が楽しめます。,豊臣秀吉も有馬温泉へ向かう際にこの街道を通ったと伝えられる,街道沿いには宿場町（生瀬宿・山口宿など）や古い道標・歴史的建造物が残る,現在も主要な交通路として受け継がれている,34.8066063,135.2776137,有馬街道,有馬街道,有馬街道
4_冬,G1,西宮市貝類館,博物館,安藤忠雄氏の設計による、ヨットの帆をイメージした外観が特徴のユニークな貝類専門博物館。世界中の珍しい貝が多数展示されており、見て、触れて、海の生き物の不思議な世界を楽しく学ぶことができます。,建築家・安藤忠雄氏の設計によるヨットの帆をイメージした特徴的な建物,生きた「オウムガイ」や「クリオネ」の飼育展示が行われている,展示されている貝の標本は約2000種・5000点以上に及ぶ,34.7119469,135.3280083,西宮市貝類館,西宮市貝類館,西宮市貝類館
4_冬,G2,旧甲子園ホテル,史跡,現在は武庫川女子大学甲子園会館として活用されている、昭和初期に建てられた名建築。フランク・ロイド・ライトの愛弟子・遠藤新が設計し、「西の帝国ホテル」とも呼ばれた華麗な洋風建築は見応え抜群です。,東の「帝国ホテル」、西の「甲子園ホテル」と称された昭和初期の西日本屈指の高級ホテル,建物各所に打出の小槌や日輪をモチーフにした美しい浮き彫り彫刻が施されている,冬至の午前10時半から10時40分頃に光が打出の小槌へ当たる,34.73424332,135.3778707,旧甲子園ホテル,旧甲子園ホテル,旧甲子園ホテル
4_冬,G3,名次神社,寺神社,ニテコ池の近くに鎮座し、豊かな緑に囲まれた静寂で厳かな雰囲気を持つ歴史ある神社。古くから水の神様として信仰を集め、地元の人々が日常の平穏を祈りに訪れる心安らぐ場所です。,名次神社のある「名次山」は、『万葉集』に詠まれるほど。少なくとも奈良時代には景勝地として有名だったことが分かります,名次神社は水の神（水分神）を祀るとされ、平安時代には朝廷が雨乞いのために奉幣を行った記録があります。,周辺は夙川公園にも近く春には桜の名所として散策コースに親しまれている,34.75137502,135.3329318,名次神社,名次神社,名次神社
4_冬,G4,阪神甲子園球場(甲子園ボウル),施設,毎年12月に阪神甲子園球場で開催される全日本大学アメリカンフットボール選手権の決勝戦。冬の甲子園を熱く盛り上げる大イベントであり、大学アメフトの頂点を決める歴史あるスポーツの祭典です。,阪神甲子園球場は1924年に開場しました。「甲子園」という名前は、完成した年が干支でいう「甲子（きのえね）」の年だったことに由来します。球場名が先に誕生し、その後に駅名や地名として定着しました。,「甲子園ボウル」は1947年から続く日本最高峰の学生アメリカンフットボール決戦,球場名物のツタは、戦後間もない時代から外壁を彩ってきました。現在のツタはリニューアル工事の際に保存・植え直されたもので、「緑の甲子園」の象徴として親しまれています,34.72126146,135.3616348,阪神甲子園球場(甲子園ボウル),阪神甲子園球場(甲子園ボウル),阪神甲子園球場(甲子園ボウル)
4_冬,G5,西宮神社表大門,史跡,通称「赤門」として親しまれ、毎年1月10日の「福男選び」で開門され参加者が一斉に走り出すことで全国的に有名な西宮神社の正門。国の重要文化財にも指定された、桃山時代の建築美を誇る朱塗りの門です。,朱塗りの美しい門で「赤門」の愛称で市民に親しまれている,毎年1月10日午前6時、この門が開くと同時に福男選びの全力疾走がスタートする,桃山時代の意匠を残す四脚門で国の重要文化財に指定されている,34.73439411,135.335733,西宮神社表大門,西宮神社表大門,西宮神社表大門
4_冬,G6,名塩南台中央公園,公園,西宮市北部の名塩ニュータウンの高台に位置し、名塩の街並みや周囲の美しい山並みを見渡すことができる見晴らしの良い公園。広々としたグラウンドや遊具があり、地域の子供たちや家族連れの憩いの場です。,斜面都市として開発された名塩ニュータウンのシンボル的公園,公園の高台からは斜面エレベーターや名塩の美しい山並みが一望できる,広いグランドや大型遊具があり地域の子供たちや家族連れの憩いの場となっている,34.82409585,135.3007885,名塩南台中央公園,名塩南台中央公園,名塩南台中央公園
4_冬,G7,ゴール,コマ,ゴールポイントです。,うんちく1,うんちく2,うんちく3,34.73774786,135.3414305,ゴール,ゴール,ゴール
